package,additions,deletions,date,author
ecgtools,3,0,2022-02-02T05:36:46Z,andersy005
ecgtools,84,83,2022-02-02T05:05:09Z,andersy005
ecgtools,441,300,2022-02-02T04:50:17Z,andersy005
ecgtools,150,29,2022-02-02T03:26:12Z,andersy005
ecgtools,46,34,2022-02-02T00:12:39Z,andersy005
ecgtools,1,1,2022-01-31T19:54:07Z,pre-commit-ci[bot]
ecgtools,1,1,2022-01-10T22:18:58Z,dependabot[bot]
ecgtools,268,164,2022-01-06T18:33:53Z,andersy005
ecgtools,122,0,2021-12-28T22:41:17Z,andersy005
ecgtools,11,63,2021-12-28T22:33:08Z,andersy005
ecgtools,1,1,2021-12-28T02:17:53Z,pre-commit-ci[bot]
ecgtools,2,2,2021-12-06T19:26:20Z,pre-commit-ci[bot]
ecgtools,2,2,2021-11-29T18:44:04Z,pre-commit-ci[bot]
ecgtools,2,2,2021-11-22T19:13:50Z,pre-commit-ci[bot]
ecgtools,1,1,2021-11-15T19:31:13Z,pre-commit-ci[bot]
ecgtools,1,1,2021-11-08T18:53:40Z,pre-commit-ci[bot]
ecgtools,1,1,2021-11-01T23:50:23Z,pre-commit-ci[bot]
ecgtools,1,1,2021-10-11T18:23:56Z,pre-commit-ci[bot]
ecgtools,48,0,2021-09-23T22:36:48Z,mgrover1
ecgtools,15,1,2021-09-22T21:48:52Z,mgrover1
ecgtools,2,2,2021-09-20T19:50:54Z,pre-commit-ci[bot]
ecgtools,13,4,2021-09-16T23:08:04Z,mgrover1
ecgtools,18,5,2021-09-15T23:04:52Z,mgrover1
ecgtools,1,1,2021-09-15T20:11:20Z,andersy005
ecgtools,18,0,2021-09-15T19:19:51Z,mgrover1
ecgtools,79,0,2021-09-14T17:20:54Z,mgrover1
ecgtools,1,0,2021-09-14T17:04:01Z,mgrover1
ecgtools,1,1,2021-09-13T22:11:33Z,dependabot[bot]
ecgtools,2,2,2021-09-13T18:25:11Z,pre-commit-ci[bot]
ecgtools,2068,1,2021-09-10T21:36:02Z,mgrover1
ecgtools,3,9,2021-09-07T18:17:13Z,andersy005
ecgtools,1,1,2021-08-31T17:20:51Z,dependabot[bot]
ecgtools,1,1,2021-08-31T17:13:58Z,pre-commit-ci[bot]
ecgtools,4,4,2021-08-09T17:44:14Z,pre-commit-ci[bot]
ecgtools,5,5,2021-08-05T15:04:48Z,andersy005
ecgtools,2,2,2021-08-02T22:09:49Z,dependabot[bot]
ecgtools,1,1,2021-07-26T22:28:11Z,dependabot[bot]
ecgtools,1,1,2021-07-19T22:20:45Z,dependabot[bot]
ecgtools,18,4,2021-07-15T17:23:40Z,mgrover1
ecgtools,1,1,2021-06-28T18:40:57Z,mgrover1
ecgtools,26,0,2021-06-21T19:37:38Z,andersy005
ecgtools,434,0,2021-06-21T17:16:35Z,mgrover1
ecgtools,1,1,2021-06-21T16:53:59Z,mgrover1
ecgtools,248,315,2021-06-18T20:37:29Z,mgrover1
ecgtools,1,18,2021-06-09T13:38:33Z,mgrover1
ecgtools,17,1,2021-06-08T19:52:03Z,andersy005
ecgtools,18,11,2021-06-08T13:24:17Z,andersy005
ecgtools,7,0,2021-06-07T22:22:22Z,andersy005
ecgtools,94,45,2021-06-07T19:10:44Z,andersy005
ecgtools,24,3,2021-06-07T17:16:28Z,andersy005
ecgtools,117,98,2021-06-07T15:55:46Z,andersy005
ecgtools,1,0,2021-06-04T14:33:05Z,mgrover1
ecgtools,127,35,2021-06-03T22:37:58Z,mgrover1
ecgtools,4,0,2021-06-03T19:23:51Z,mgrover1
ecgtools,11,6,2021-06-03T00:15:13Z,andersy005
ecgtools,998,277,2021-06-02T20:52:54Z,mgrover1
ecgtools,10,8,2021-06-02T19:31:10Z,mgrover1
ecgtools,375,1270,2021-06-02T15:43:43Z,andersy005
ecgtools,1,1,2021-06-02T14:00:01Z,mgrover1
ecgtools,42,37,2021-06-01T13:56:28Z,mgrover1
ecgtools,1361,950,2021-05-28T00:32:36Z,andersy005
ecgtools,728,8,2021-05-27T23:11:33Z,andersy005
ecgtools,22,735,2021-05-27T21:44:09Z,andersy005
ecgtools,146,21,2021-05-27T21:16:08Z,andersy005
ecgtools,5,2,2021-05-27T16:28:08Z,mgrover1
ecgtools,20,11,2021-05-24T18:13:25Z,andersy005
ecgtools,226,15,2021-05-24T18:02:07Z,andersy005
ecgtools,1097,11,2021-05-04T21:20:29Z,andersy005
ecgtools,7,659,2021-05-03T20:47:52Z,andersy005
ecgtools,11,113,2021-04-30T00:59:53Z,andersy005
ecgtools,1,1,2021-04-26T22:44:15Z,dependabot[bot]
ecgtools,359,164,2021-04-23T23:13:54Z,andersy005
ecgtools,138,54,2021-04-22T00:35:30Z,andersy005
ecgtools,5,20,2021-04-20T23:12:03Z,andersy005
ecgtools,86,66,2021-04-19T04:06:18Z,andersy005
ecgtools,339,100,2021-04-19T03:02:08Z,andersy005
ecgtools,281,357,2021-04-15T20:08:49Z,andersy005
ecgtools,563,8,2020-08-31T21:28:22Z,sherimickelson
ecgtools,14,7,2020-07-27T19:33:03Z,andersy005
ecgtools,729,175,2020-06-24T10:47:22Z,andersy005
ecgtools,0,0,2020-06-02T06:58:38Z,andersy005
ecgtools,197,11,2020-06-01T23:15:51Z,andersy005
ecgtools,1467,0,2020-06-01T23:12:13Z,andersy005
intake-esm,13,8,2022-02-10T20:10:36Z,aulemahal
intake-esm,50,3,2022-02-02T22:33:07Z,aulemahal
intake-esm,9,1,2022-02-01T23:13:16Z,andersy005
intake-esm,7,9,2022-02-01T22:06:03Z,andersy005
intake-esm,62,3,2022-02-01T21:59:04Z,aulemahal
intake-esm,1,1,2022-01-31T18:23:11Z,pre-commit-ci[bot]
intake-esm,15,17,2022-01-13T22:53:21Z,andersy005
intake-esm,53,12,2022-01-11T19:08:22Z,aulemahal
intake-esm,4,4,2022-01-11T18:35:55Z,andersy005
intake-esm,6,7,2022-01-11T18:27:52Z,andersy005
intake-esm,1,1,2022-01-11T17:49:56Z,dependabot[bot]
intake-esm,1,1,2021-12-28T02:01:32Z,pre-commit-ci[bot]
intake-esm,6,19,2021-12-22T12:39:33Z,andersy005
intake-esm,5,0,2021-12-17T21:35:10Z,andersy005
intake-esm,48,8,2021-12-17T20:14:43Z,andersy005
intake-esm,89,5,2021-12-15T19:21:48Z,aulemahal
intake-esm,10,1,2021-12-15T19:20:42Z,aulemahal
intake-esm,1303,5058,2021-12-14T22:58:48Z,andersy005
intake-esm,6,22,2021-12-06T21:33:29Z,andersy005
intake-esm,3417,0,2021-12-06T21:04:06Z,mgrover1
intake-esm,2,2,2021-12-06T17:58:37Z,pre-commit-ci[bot]
intake-esm,44,5,2021-12-01T19:23:25Z,andersy005
intake-esm,2,2,2021-11-29T17:36:31Z,pre-commit-ci[bot]
intake-esm,119,0,2021-11-28T20:44:39Z,jukent
intake-esm,6,4,2021-11-24T20:15:11Z,andersy005
intake-esm,78,0,2021-11-24T18:51:44Z,d70-t
intake-esm,2,2,2021-11-24T18:33:11Z,andersy005
intake-esm,2,2,2021-11-22T17:49:59Z,pre-commit-ci[bot]
intake-esm,8,10,2021-11-18T19:47:46Z,andersy005
intake-esm,0,14,2021-11-18T19:29:51Z,andersy005
intake-esm,1,1,2021-11-15T17:44:32Z,pre-commit-ci[bot]
intake-esm,1,1,2021-11-04T16:50:20Z,andersy005
intake-esm,1,1,2021-11-01T17:46:52Z,pre-commit-ci[bot]
intake-esm,56,1,2021-10-26T20:06:23Z,andersy005
intake-esm,147,77,2021-10-26T19:17:09Z,andersy005
intake-esm,148,82,2021-10-26T17:04:43Z,andersy005
intake-esm,63,0,2021-10-19T22:18:23Z,andersy005
intake-esm,6,6,2021-10-15T20:21:57Z,andersy005
intake-esm,306,15,2021-10-15T19:06:02Z,andersy005
intake-esm,1,1,2021-10-15T03:51:32Z,andersy005
intake-esm,21,13,2021-10-12T20:57:14Z,andersy005
intake-esm,14,6,2021-10-12T20:22:09Z,andersy005
intake-esm,83,3,2021-10-12T20:11:44Z,andersy005
intake-esm,9,3,2021-10-12T18:17:53Z,andersy005
intake-esm,63,45,2021-10-12T17:43:16Z,andersy005
intake-esm,384,1008,2021-10-12T17:10:33Z,andersy005
intake-esm,1,1,2021-10-11T17:29:39Z,pre-commit-ci[bot]
intake-esm,527,1580,2021-10-04T18:04:05Z,andersy005
intake-esm,62,1,2021-10-04T16:09:58Z,andersy005
intake-esm,1,18,2021-10-01T04:29:47Z,andersy005
intake-esm,39,11,2021-10-01T02:41:34Z,andersy005
intake-esm,2,2,2021-09-20T20:32:42Z,pre-commit-ci[bot]
intake-esm,1,1,2021-09-20T13:57:34Z,dependabot[bot]
intake-esm,2,2,2021-09-13T17:42:27Z,pre-commit-ci[bot]
intake-esm,1,1,2021-08-31T17:19:57Z,dependabot[bot]
intake-esm,1,1,2021-08-31T17:19:41Z,pre-commit-ci[bot]
intake-esm,43,1,2021-08-17T22:43:55Z,andersy005
intake-esm,1,0,2021-08-16T21:55:39Z,mgrover1
intake-esm,5,5,2021-08-09T17:32:44Z,pre-commit-ci[bot]
intake-esm,212,59,2021-08-07T01:51:24Z,andersy005
intake-esm,1,0,2021-08-07T01:34:08Z,andersy005
intake-esm,7,0,2021-08-02T18:18:41Z,mgrover1
intake-esm,2,2,2021-08-02T14:32:07Z,dependabot[bot]
intake-esm,11,11,2021-07-26T15:32:45Z,andersy005
intake-esm,1,1,2021-07-26T15:07:21Z,dependabot[bot]
intake-esm,16,9,2021-05-13T23:52:35Z,andersy005
intake-esm,0,2,2021-05-13T23:46:50Z,andersy005
intake-esm,4,0,2021-05-13T23:27:56Z,andersy005
intake-esm,18,35,2021-05-13T23:06:57Z,andersy005
intake-esm,1,1,2021-04-26T22:52:57Z,dependabot[bot]
intake-esm,1,1,2021-04-12T12:40:04Z,dependabot[bot]
intake-esm,2,2,2021-04-12T12:26:03Z,dependabot[bot]
intake-esm,348,4384,2021-03-16T21:57:04Z,andersy005
intake-esm,2,2,2021-02-17T01:39:19Z,dependabot[bot]
intake-esm,29,15,2021-02-07T17:55:27Z,andersy005
intake-esm,1,1,2021-01-21T05:22:25Z,andersy005
intake-esm,2,2,2021-01-18T21:08:58Z,dependabot[bot]
intake-esm,27,0,2021-01-15T21:41:39Z,andersy005
intake-esm,15,7,2021-01-15T20:46:28Z,andersy005
intake-esm,16,18,2021-01-15T02:55:09Z,andersy005
intake-esm,7,4,2020-12-28T12:49:38Z,andersy005
intake-esm,25,1,2020-12-28T12:24:09Z,andersy005
intake-esm,4,4,2020-12-21T13:33:06Z,aaronspring
intake-esm,32,6,2020-12-18T22:53:03Z,andersy005
intake-esm,4,1,2020-12-18T17:56:25Z,andersy005
intake-esm,24,0,2020-11-27T13:35:29Z,andersy005
intake-esm,48,34,2020-11-17T06:18:35Z,andersy005
intake-esm,7,7,2020-11-17T01:46:26Z,andersy005
intake-esm,4630,3228,2020-11-04T04:21:21Z,andersy005
intake-esm,2,40,2020-10-30T22:03:35Z,andersy005
intake-esm,256,56,2020-10-30T21:51:24Z,andersy005
intake-esm,1,1,2020-10-21T23:48:50Z,andersy005
intake-esm,803,1049,2020-10-15T22:07:07Z,andersy005
intake-esm,11,0,2020-10-14T18:11:43Z,andersy005
intake-esm,10,15,2020-10-07T23:37:00Z,andersy005
intake-esm,56,15,2020-10-07T23:15:18Z,andersy005
intake-esm,2,2,2020-09-10T23:05:51Z,andersy005
intake-esm,3,2,2020-09-10T22:59:14Z,andersy005
intake-esm,60,4,2020-09-09T14:18:01Z,andersy005
intake-esm,87,94,2020-09-09T13:26:39Z,andersy005
intake-esm,2,1,2020-09-09T12:28:59Z,andersy005
intake-esm,591,641,2020-08-27T15:16:18Z,andersy005
intake-esm,1078,723,2020-08-15T04:09:07Z,andersy005
intake-esm,3,1,2020-08-14T19:34:15Z,bonnland
intake-esm,3,3,2020-08-11T21:40:33Z,andersy005
intake-esm,1,1,2020-08-11T20:52:06Z,andersy005
intake-esm,341,126,2020-08-11T00:09:11Z,andersy005
intake-esm,171,2,2020-08-08T23:07:34Z,andersy005
intake-esm,81,115,2020-08-06T11:14:11Z,andersy005
intake-esm,113,39,2020-08-06T11:03:47Z,andersy005
intake-esm,201,68,2020-08-04T18:50:01Z,andersy005
intake-esm,327,68,2020-08-04T11:27:13Z,andersy005
intake-esm,305,273,2020-08-03T14:12:30Z,andersy005
intake-esm,45,4,2020-08-03T13:53:39Z,andersy005
intake-esm,8,3,2020-07-18T02:17:41Z,andersy005
intake-esm,7,7,2020-07-07T22:12:22Z,andersy005
intake-esm,14,14,2020-06-30T11:20:23Z,andersy005
intake-esm,17,1,2020-06-30T11:06:23Z,andersy005
intake-esm,61,19,2020-06-30T10:32:05Z,andersy005
intake-esm,517,359,2020-06-11T16:53:45Z,andersy005
intake-esm,231,165,2020-06-11T16:18:04Z,andersy005
intake-esm,14,9,2020-06-11T11:37:06Z,andersy005
intake-esm,24,3,2020-06-11T10:12:42Z,andersy005
intake-esm,64,24,2020-06-10T22:32:07Z,andersy005
intake-esm,8,5,2020-06-03T16:01:01Z,andersy005
intake-esm,3,7,2020-06-03T15:49:21Z,andersy005
intake-esm,9,0,2020-05-21T00:52:23Z,andersy005
intake-esm,6,1,2020-05-20T23:14:28Z,andersy005
intake-esm,11,7,2020-05-20T22:53:57Z,andersy005
intake-esm,369,328,2020-05-20T21:53:39Z,andersy005
intake-esm,8,17,2020-05-12T17:07:02Z,andersy005
intake-esm,46,0,2020-05-09T15:29:15Z,andersy005
intake-esm,8,6,2020-05-07T03:53:37Z,andersy005
intake-esm,13,34,2020-05-07T03:25:13Z,andersy005
intake-esm,1893,815,2020-05-01T21:32:52Z,andersy005
intake-esm,20,2,2020-04-30T21:52:51Z,andersy005
intake-esm,479,322,2020-04-30T16:47:08Z,andersy005
intake-esm,55,6,2020-04-01T16:26:23Z,andersy005
intake-esm,175,38,2020-03-29T03:18:43Z,andersy005
intake-esm,82,95,2020-03-28T21:58:54Z,andersy005
intake-esm,199,499,2020-03-28T18:04:53Z,andersy005
intake-esm,30,9,2020-03-23T23:53:03Z,andersy005
intake-esm,0,4,2020-03-23T23:45:50Z,andersy005
intake-esm,11,0,2020-03-23T23:44:45Z,andersy005
intake-esm,22,8,2020-03-23T23:34:51Z,andersy005
intake-esm,26,5,2020-03-17T21:13:41Z,andersy005
intake-esm,26,5,2020-03-17T21:04:55Z,andersy005
intake-esm,34,3,2020-03-17T18:05:27Z,andersy005
intake-esm,0,2,2020-03-17T17:59:07Z,andersy005
intake-esm,34,1,2020-03-17T17:58:15Z,andersy005
intake-esm,16,13,2020-03-16T20:23:28Z,andersy005
intake-esm,16,13,2020-03-16T20:08:48Z,andersy005
intake-esm,20,19,2020-03-15T23:42:26Z,andersy005
intake-esm,16,16,2020-03-15T23:33:56Z,andersy005
intake-esm,4,3,2020-03-15T23:25:00Z,andersy005
intake-esm,1873,438,2020-03-15T23:20:28Z,andersy005
intake-esm,3,3,2020-03-15T23:14:11Z,andersy005
intake-esm,8,8,2020-03-15T23:06:01Z,andersy005
intake-esm,41,1,2020-03-15T22:54:36Z,andersy005
intake-esm,1827,432,2020-03-15T22:35:35Z,andersy005
intake-esm,11,5,2020-03-13T21:57:30Z,andersy005
intake-esm,1,1,2020-03-13T21:54:08Z,andersy005
intake-esm,10,4,2020-03-13T21:41:39Z,andersy005
intake-esm,68,38,2020-03-12T20:22:57Z,andersy005
intake-esm,1,0,2020-03-11T20:30:16Z,andersy005
intake-esm,54,33,2020-03-11T20:23:46Z,andersy005
intake-esm,26,18,2020-03-11T14:06:17Z,andersy005
intake-esm,200,95,2020-03-10T21:56:06Z,andersy005
intake-esm,9,9,2020-03-10T19:55:57Z,andersy005
intake-esm,154,87,2020-03-10T19:54:20Z,andersy005
intake-esm,9,9,2020-03-10T17:44:41Z,andersy005
intake-esm,200,95,2020-03-10T17:39:00Z,andersy005
intake-esm,14,3,2020-03-10T14:16:16Z,andersy005
intake-esm,75,19,2020-03-10T13:43:11Z,andersy005
intake-esm,73,73,2020-03-09T00:02:13Z,andersy005
intake-esm,113,81,2020-03-08T23:53:02Z,andersy005
intake-esm,39,11,2020-03-08T23:07:38Z,andersy005
intake-esm,19,19,2020-03-08T22:27:20Z,andersy005
intake-esm,4,1,2020-03-08T21:02:00Z,andersy005
intake-esm,0,0,2020-03-08T20:34:53Z,andersy005
intake-esm,63,62,2020-03-08T20:34:28Z,andersy005
intake-esm,13,9,2020-03-08T20:30:27Z,andersy005
intake-esm,13,9,2020-03-08T18:58:57Z,andersy005
intake-esm,136,9,2020-01-23T15:38:50Z,andersy005
intake-esm,2,2,2020-01-22T21:39:30Z,bonnland
intake-esm,5,2,2020-01-22T20:15:44Z,bonnland
intake-esm,8,7,2020-01-21T23:32:45Z,bonnland
intake-esm,0,0,2020-01-21T22:42:36Z,bonnland
intake-esm,3,0,2020-01-21T22:41:43Z,bonnland
intake-esm,8,1,2020-01-21T22:36:59Z,bonnland
intake-esm,3,0,2020-01-21T19:12:40Z,bonnland
intake-esm,3,0,2020-01-21T19:06:55Z,andersy005
intake-esm,3,0,2020-01-21T18:10:47Z,andersy005
intake-esm,1,1,2020-01-21T17:41:12Z,bonnland
intake-esm,6,4,2020-01-21T17:36:50Z,bonnland
intake-esm,18,15,2020-01-21T17:23:47Z,bonnland
intake-esm,20,2,2020-01-17T23:11:58Z,bonnland
intake-esm,4,1,2020-01-17T23:02:04Z,bonnland
intake-esm,6,0,2020-01-17T22:45:03Z,bonnland
intake-esm,81,0,2020-01-17T22:11:16Z,bonnland
intake-esm,3,0,2020-01-16T21:17:43Z,bonnland
intake-esm,4,14,2020-01-14T23:34:58Z,andersy005
intake-esm,93,120,2020-01-14T21:55:24Z,andersy005
intake-esm,117,100,2020-01-14T00:56:21Z,andersy005
intake-esm,135,269,2019-12-17T01:49:55Z,andersy005
intake-esm,1,1,2019-12-17T01:46:58Z,andersy005
intake-esm,135,269,2019-12-17T01:42:55Z,andersy005
intake-esm,26,0,2019-12-17T01:36:04Z,andersy005
intake-esm,26,0,2019-12-17T01:29:16Z,andersy005
intake-esm,51,9,2019-12-13T20:54:58Z,andersy005
intake-esm,3,2,2019-12-13T00:39:35Z,andersy005
intake-esm,16,14,2019-12-13T00:28:51Z,andersy005
intake-esm,45,6,2019-12-13T00:07:30Z,andersy005
intake-esm,1,0,2019-12-10T17:36:40Z,andersy005
intake-esm,1,0,2019-12-10T17:28:03Z,andersy005
intake-esm,1532,226,2019-12-07T01:28:53Z,andersy005
intake-esm,6,4,2019-12-07T01:24:30Z,andersy005
intake-esm,17,5,2019-12-07T01:18:23Z,andersy005
intake-esm,1168,46,2019-12-07T01:01:43Z,andersy005
intake-esm,15,13,2019-12-07T00:58:09Z,andersy005
intake-esm,45,1152,2019-12-07T00:35:31Z,andersy005
intake-esm,1197,71,2019-12-07T00:31:57Z,andersy005
intake-esm,3,4,2019-12-06T23:52:25Z,andersy005
intake-esm,64,1,2019-12-06T23:38:50Z,andersy005
intake-esm,2,1,2019-12-06T23:27:33Z,andersy005
intake-esm,14,14,2019-12-06T23:17:44Z,andersy005
intake-esm,56,15,2019-12-06T22:11:30Z,andersy005
intake-esm,1,2,2019-12-06T21:53:31Z,andersy005
intake-esm,1,0,2019-12-06T21:46:27Z,andersy005
intake-esm,5,1,2019-12-06T21:44:09Z,andersy005
intake-esm,15,2,2019-12-06T21:40:06Z,andersy005
intake-esm,2,0,2019-12-06T21:36:01Z,andersy005
intake-esm,30,9,2019-12-06T21:32:23Z,andersy005
intake-esm,94,111,2019-12-06T21:10:32Z,andersy005
intake-esm,5,4,2019-12-06T20:49:51Z,andersy005
intake-esm,50,12,2019-12-06T20:35:28Z,andersy005
intake-esm,2,19,2019-12-06T18:24:22Z,andersy005
intake-esm,0,1,2019-12-06T00:22:48Z,andersy005
intake-esm,1,0,2019-12-06T00:07:10Z,andersy005
intake-esm,42,28,2019-12-05T23:31:44Z,andersy005
intake-esm,1,0,2019-12-05T16:58:10Z,andersy005
intake-esm,41,28,2019-12-04T18:19:07Z,andersy005
intake-esm,5,0,2019-12-03T23:09:08Z,andersy005
intake-esm,1,1,2019-12-03T22:54:56Z,andersy005
intake-esm,2,2,2019-12-03T22:52:36Z,andersy005
intake-esm,5,0,2019-12-03T22:50:39Z,andersy005
intake-esm,135,108,2019-12-02T23:26:32Z,andersy005
intake-esm,1,0,2019-12-02T19:54:47Z,andersy005
intake-esm,1,1,2019-12-02T19:41:51Z,andersy005
intake-esm,1,55,2019-12-02T19:31:52Z,andersy005
intake-esm,132,52,2019-12-02T19:19:37Z,andersy005
intake-esm,256,1093,2019-12-02T18:49:58Z,andersy005
intake-esm,8,8,2019-12-02T18:40:16Z,andersy005
intake-esm,20,3,2019-11-27T07:40:01Z,andersy005
intake-esm,1,1,2019-11-27T06:57:04Z,andersy005
intake-esm,6,0,2019-11-27T06:49:07Z,andersy005
intake-esm,1,1,2019-11-27T06:19:59Z,andersy005
intake-esm,117,34,2019-11-27T06:10:38Z,andersy005
intake-esm,22,29,2019-11-27T01:25:43Z,andersy005
intake-esm,1,0,2019-11-23T06:39:30Z,andersy005
intake-esm,1,1,2019-11-23T06:28:54Z,andersy005
intake-esm,35,19,2019-11-23T06:26:49Z,andersy005
intake-esm,56,1091,2019-11-23T05:33:47Z,andersy005
intake-esm,3,1,2019-11-23T05:03:04Z,andersy005
intake-esm,80,0,2019-11-23T00:18:38Z,jhamman
intake-esm,12,4,2019-11-14T23:57:28Z,andersy005
intake-esm,63,6,2019-11-14T23:51:44Z,andersy005
intake-esm,63,6,2019-11-14T22:13:51Z,jhamman
intake-esm,2,2,2019-11-14T19:13:53Z,andersy005
intake-esm,12,4,2019-11-13T23:59:27Z,bonnland
intake-esm,11,6,2019-11-13T20:17:33Z,andersy005
intake-esm,54,2,2019-11-13T19:21:20Z,andersy005
intake-esm,23,3,2019-11-05T02:44:19Z,andersy005
intake-esm,29,41,2019-11-05T02:29:08Z,andersy005
intake-esm,29,41,2019-11-05T02:28:46Z,andersy005
intake-esm,23,3,2019-11-05T02:00:37Z,andersy005
intake-esm,1,1,2019-11-04T16:27:13Z,andersy005
intake-esm,6,3,2019-11-04T16:24:12Z,andersy005
intake-esm,24,39,2019-11-04T16:21:01Z,andersy005
intake-esm,15,13,2019-11-04T14:47:43Z,andersy005
intake-esm,7,10,2019-11-02T00:34:59Z,andersy005
intake-esm,8,3,2019-11-02T00:17:02Z,andersy005
intake-esm,2,1,2019-11-01T23:14:45Z,andersy005
intake-esm,2,1,2019-11-01T19:13:52Z,andersy005
intake-esm,403,183,2019-10-28T23:48:57Z,andersy005
intake-esm,5,0,2019-10-28T21:17:58Z,jbusecke
intake-esm,398,183,2019-10-28T21:11:03Z,jbusecke
intake-esm,102,43,2019-10-18T19:11:05Z,andersy005
intake-esm,2,1,2019-10-18T18:45:17Z,matt-long
intake-esm,100,42,2019-10-18T18:41:12Z,matt-long
intake-esm,1,1,2019-10-18T15:14:00Z,matt-long
intake-esm,20,1,2019-10-17T23:01:40Z,andersy005
intake-esm,0,0,2019-10-17T22:52:31Z,matt-long
intake-esm,20,1,2019-10-17T22:51:39Z,matt-long
intake-esm,27,7,2019-10-17T21:56:46Z,andersy005
intake-esm,27,7,2019-10-17T21:45:46Z,matt-long
intake-esm,55,6,2019-10-17T16:15:36Z,andersy005
intake-esm,24,8,2019-10-17T16:03:18Z,matt-long
intake-esm,63,9,2019-10-17T15:43:14Z,matt-long
intake-esm,1,1,2019-10-17T15:43:03Z,matt-long
intake-esm,39,6,2019-10-17T15:40:23Z,matt-long
intake-esm,63,9,2019-10-17T15:18:41Z,andersy005
intake-esm,63,9,2019-10-17T00:28:38Z,andersy005
intake-esm,1,1,2019-10-16T14:18:31Z,andersy005
intake-esm,1,1,2019-10-16T12:41:44Z,
intake-esm,19,14,2019-10-15T20:35:31Z,andersy005
intake-esm,7,0,2019-10-15T20:29:47Z,andersy005
intake-esm,12,14,2019-10-15T20:18:08Z,andersy005
intake-esm,2295,183704,2019-10-15T19:29:27Z,andersy005
intake-esm,3,3,2019-10-15T17:24:30Z,andersy005
intake-esm,13,3,2019-10-15T17:16:20Z,andersy005
intake-esm,2,1,2019-10-15T01:11:23Z,andersy005
intake-esm,876,3221,2019-10-15T00:56:38Z,andersy005
intake-esm,18,1,2019-10-14T22:47:07Z,andersy005
intake-esm,44,30,2019-10-14T22:40:02Z,andersy005
intake-esm,21,2,2019-10-14T21:52:09Z,andersy005
intake-esm,26,105,2019-10-14T21:34:54Z,andersy005
intake-esm,2,1,2019-10-14T20:43:59Z,andersy005
intake-esm,1,1204,2019-10-14T05:59:36Z,andersy005
intake-esm,186,30,2019-10-14T05:47:31Z,andersy005
intake-esm,11,0,2019-10-14T05:11:52Z,andersy005
intake-esm,194,828,2019-10-14T05:04:23Z,andersy005
intake-esm,15,5,2019-10-13T22:14:05Z,andersy005
intake-esm,3,2,2019-10-13T21:22:47Z,andersy005
intake-esm,10,6,2019-10-13T18:25:02Z,andersy005
intake-esm,1,0,2019-10-11T23:29:15Z,andersy005
intake-esm,1,1,2019-10-11T22:52:51Z,andersy005
intake-esm,24,6,2019-10-11T22:25:44Z,andersy005
intake-esm,53,31,2019-10-11T19:34:15Z,andersy005
intake-esm,4,4,2019-10-11T18:58:54Z,andersy005
intake-esm,9,9,2019-10-11T18:52:53Z,andersy005
intake-esm,5,5,2019-10-11T18:49:15Z,andersy005
intake-esm,0,3,2019-10-11T07:00:01Z,andersy005
intake-esm,4,12,2019-10-11T06:55:28Z,andersy005
intake-esm,317,279,2019-10-11T06:39:59Z,andersy005
intake-esm,77,79,2019-10-11T05:48:52Z,andersy005
intake-esm,140,125,2019-10-11T05:27:46Z,andersy005
intake-esm,247,131,2019-10-11T03:36:34Z,andersy005
intake-esm,69,60,2019-10-10T00:33:17Z,andersy005
intake-esm,149,29,2019-10-09T23:50:36Z,andersy005
intake-esm,385,1,2019-10-09T20:44:12Z,andersy005
intake-esm,4,1,2019-10-09T06:32:05Z,andersy005
intake-esm,80,513,2019-10-09T06:04:15Z,andersy005
intake-esm,1,48,2019-10-09T05:35:40Z,andersy005
intake-esm,235,900,2019-10-09T05:32:20Z,andersy005
intake-esm,1,100,2019-10-04T18:05:59Z,andersy005
intake-esm,25,105,2019-10-04T17:32:31Z,andersy005
intake-esm,34,11,2019-10-04T17:21:00Z,andersy005
intake-esm,2,130,2019-10-04T16:30:55Z,andersy005
intake-esm,3,109,2019-10-04T00:15:58Z,andersy005
intake-esm,4,4,2019-10-04T00:09:57Z,andersy005
intake-esm,14,6,2019-10-03T23:59:22Z,andersy005
intake-esm,1,654,2019-10-03T23:41:31Z,andersy005
intake-esm,1,787,2019-10-03T23:30:50Z,andersy005
intake-esm,174,175183,2019-10-03T23:25:17Z,andersy005
intake-esm,0,20670,2019-10-02T18:07:59Z,andersy005
intake-esm,9,1,2019-10-01T20:57:29Z,andersy005
intake-esm,20727,13,2019-10-01T20:30:30Z,andersy005
intake-esm,10,8,2019-09-27T23:38:23Z,andersy005
intake-esm,34,29,2019-09-27T22:35:12Z,andersy005
intake-esm,5,4,2019-09-27T22:09:24Z,andersy005
intake-esm,1,1,2019-09-27T22:02:00Z,andersy005
intake-esm,41,33,2019-09-27T21:55:58Z,andersy005
intake-esm,1,1,2019-09-27T21:18:25Z,andersy005
intake-esm,22,11,2019-09-27T21:10:45Z,andersy005
intake-esm,27,9,2019-09-27T19:30:36Z,andersy005
intake-esm,95,25,2019-09-27T18:51:34Z,andersy005
intake-esm,92,149,2019-09-27T17:32:43Z,andersy005
intake-esm,4,0,2019-09-27T15:14:42Z,andersy005
intake-esm,5,39,2019-09-27T15:05:36Z,andersy005
intake-esm,50,67,2019-09-27T15:00:35Z,andersy005
intake-esm,16,23,2019-09-27T14:48:01Z,andersy005
intake-esm,30,44,2019-09-27T14:41:59Z,andersy005
intake-esm,144,316,2019-09-27T13:59:11Z,andersy005
intake-esm,13,0,2019-08-27T19:51:27Z,andersy005
intake-esm,8,12,2019-08-27T17:27:43Z,aaronspring
intake-esm,21,4,2019-08-26T09:02:15Z,aaronspring
intake-esm,1999,10,2019-08-23T19:11:14Z,andersy005
intake-esm,8,10,2019-08-23T19:01:44Z,andersy005
intake-esm,52,3,2019-08-23T18:51:32Z,andersy005
intake-esm,1263,24,2019-08-18T22:51:47Z,andersy005
intake-esm,707,0,2019-08-18T22:38:31Z,andersy005
intake-esm,1,5,2019-08-18T22:25:36Z,andersy005
intake-esm,1,1,2019-08-18T22:14:50Z,andersy005
intake-esm,21,7,2019-08-18T21:40:46Z,andersy005
intake-esm,2,1,2019-08-18T21:32:50Z,andersy005
intake-esm,19,6,2019-08-18T21:28:03Z,andersy005
intake-esm,2976,12496,2019-08-16T18:01:19Z,andersy005
intake-esm,774,282,2019-08-16T17:53:42Z,andersy005
intake-esm,23,47,2019-08-16T01:11:48Z,andersy005
intake-esm,1,0,2019-08-16T00:47:15Z,andersy005
intake-esm,4,22,2019-08-16T00:30:32Z,andersy005
intake-esm,0,0,2019-08-16T00:20:59Z,andersy005
intake-esm,1645,11616,2019-08-16T00:20:32Z,andersy005
intake-esm,6,106,2019-08-15T22:37:08Z,kmpaul
intake-esm,2,101,2019-08-15T19:46:23Z,andersy005
intake-esm,178,78,2019-08-15T19:45:07Z,andersy005
intake-esm,114,45,2019-08-15T19:07:18Z,andersy005
intake-esm,4,4,2019-08-15T19:02:31Z,andersy005
intake-esm,6,6,2019-08-15T18:47:01Z,andersy005
intake-esm,2,2,2019-08-15T18:45:21Z,andersy005
intake-esm,1,0,2019-08-15T18:40:41Z,andersy005
intake-esm,101,33,2019-08-15T18:39:40Z,andersy005
intake-esm,65,34,2019-08-15T17:53:46Z,andersy005
intake-esm,7,0,2019-08-15T17:48:37Z,andersy005
intake-esm,15,0,2019-08-15T17:44:22Z,andersy005
intake-esm,3,3,2019-08-15T16:59:44Z,andersy005
intake-esm,23,9,2019-08-15T16:18:40Z,andersy005
intake-esm,18,23,2019-08-15T15:58:36Z,andersy005
intake-esm,245,167,2019-08-15T00:27:32Z,andersy005
intake-esm,245,167,2019-08-15T00:14:26Z,andersy005
intake-esm,54,28,2019-08-14T23:51:44Z,andersy005
intake-esm,30,51,2019-08-14T19:12:16Z,andersy005
intake-esm,4,10,2019-08-14T16:44:00Z,andersy005
intake-esm,4,1,2019-08-14T15:34:04Z,andersy005
intake-esm,221,145,2019-08-14T15:07:20Z,andersy005
intake-esm,9,9,2019-08-14T00:17:18Z,andersy005
intake-esm,3,4,2019-08-14T00:06:39Z,andersy005
intake-esm,38,14,2019-08-14T00:00:32Z,andersy005
intake-esm,38,14,2019-08-13T23:53:36Z,andersy005
intake-esm,2,1,2019-08-13T22:41:44Z,andersy005
intake-esm,40,1,2019-08-13T22:39:19Z,andersy005
intake-esm,64,7,2019-08-13T22:18:14Z,andersy005
intake-esm,1,1,2019-08-13T22:07:31Z,andersy005
intake-esm,0,62,2019-08-13T22:03:01Z,andersy005
intake-esm,96,10,2019-08-13T22:01:09Z,andersy005
intake-esm,106,41,2019-08-13T18:33:05Z,andersy005
intake-esm,517,500,2019-08-13T18:31:20Z,andersy005
intake-esm,61,0,2019-08-13T18:21:00Z,andersy005
intake-esm,45,41,2019-08-09T14:00:52Z,andersy005
intake-esm,1,0,2019-08-09T01:11:34Z,andersy005
intake-esm,1,0,2019-08-09T01:10:44Z,andersy005
intake-esm,35,2,2019-08-09T01:08:20Z,andersy005
intake-esm,1,0,2019-08-08T22:44:23Z,andersy005
intake-esm,1,1,2019-08-08T20:47:54Z,jukent
intake-esm,63,79,2019-08-07T17:51:52Z,andersy005
intake-esm,10,12,2019-08-07T17:28:28Z,andersy005
intake-esm,47,49,2019-08-07T17:13:10Z,andersy005
intake-esm,1,0,2019-08-07T16:11:43Z,jukent
intake-esm,1,3,2019-08-06T23:36:46Z,andersy005
intake-esm,8,16,2019-08-06T23:35:53Z,andersy005
intake-esm,81,82,2019-08-06T23:16:20Z,andersy005
intake-esm,173,162,2019-08-06T22:46:38Z,andersy005
intake-esm,12,16,2019-08-06T21:30:01Z,andersy005
intake-esm,80,96,2019-08-06T21:23:07Z,andersy005
intake-esm,2,5,2019-08-06T20:30:50Z,andersy005
intake-esm,1005,1,2019-08-06T20:28:46Z,andersy005
intake-esm,0,18,2019-08-06T20:28:06Z,andersy005
intake-esm,1,0,2019-08-06T20:18:01Z,andersy005
intake-esm,76,64,2019-08-06T19:08:47Z,andersy005
intake-esm,15,12,2019-08-06T18:15:09Z,andersy005
intake-esm,15,12,2019-08-06T04:33:57Z,andersy005
intake-esm,7,1,2019-08-06T04:28:18Z,andersy005
intake-esm,3,7,2019-08-06T04:24:25Z,andersy005
intake-esm,5,1,2019-08-06T04:09:25Z,andersy005
intake-esm,1,1,2019-08-06T02:55:12Z,andersy005
intake-esm,4,4,2019-08-06T02:48:48Z,andersy005
intake-esm,1,4,2019-08-06T02:35:12Z,andersy005
intake-esm,1,1,2019-08-05T23:40:44Z,andersy005
intake-esm,12,8,2019-08-05T23:35:34Z,andersy005
intake-esm,15,36,2019-08-05T23:23:46Z,andersy005
intake-esm,15,36,2019-08-05T21:17:43Z,andersy005
intake-esm,2,1,2019-08-05T21:10:51Z,andersy005
intake-esm,1,4,2019-08-05T17:56:36Z,andersy005
intake-esm,3,8,2019-08-05T17:12:25Z,andersy005
intake-esm,20,1,2019-08-05T15:30:35Z,jukent
intake-esm,4,16,2019-08-04T20:04:27Z,andersy005
intake-esm,6,11,2019-08-04T16:43:10Z,andersy005
intake-esm,3,0,2019-08-04T15:31:32Z,andersy005
intake-esm,903,52,2019-08-01T22:23:16Z,jukent
intake-esm,20,1,2019-07-30T23:10:31Z,andersy005
intake-esm,20,1,2019-07-30T23:03:56Z,andersy005
intake-esm,1069,347,2019-07-30T21:33:39Z,jukent
intake-esm,234,244,2019-07-30T16:57:49Z,andersy005
intake-esm,135,159,2019-07-30T16:00:21Z,andersy005
intake-esm,2,2,2019-07-29T15:14:27Z,andersy005
intake-esm,0,72,2019-07-27T21:15:19Z,andersy005
intake-esm,116,30,2019-07-27T21:12:54Z,andersy005
intake-esm,1,0,2019-07-26T20:40:36Z,jukent
intake-esm,1,1,2019-07-26T20:38:36Z,jukent
intake-esm,148,0,2019-07-26T19:44:47Z,jukent
intake-esm,175,6,2019-07-25T18:33:52Z,matt-long
intake-esm,51,7,2019-07-25T17:57:09Z,andersy005
intake-esm,5,4,2019-07-25T17:36:56Z,andersy005
intake-esm,17,3,2019-07-25T17:18:40Z,andersy005
intake-esm,5,1,2019-07-25T16:41:40Z,andersy005
intake-esm,5,1,2019-07-24T18:44:07Z,andersy005
intake-esm,4,0,2019-07-24T18:14:15Z,andersy005
intake-esm,22,2,2019-07-24T18:08:37Z,andersy005
intake-esm,1,1,2019-07-24T18:07:17Z,andersy005
intake-esm,22,2,2019-07-24T17:35:16Z,andersy005
intake-esm,22,2,2019-07-24T17:25:59Z,andersy005
intake-esm,20,10,2019-07-23T16:42:13Z,andersy005
intake-esm,103,3,2019-07-23T16:15:13Z,andersy005
intake-esm,1,1,2019-07-21T09:19:14Z,
intake-esm,10,5,2019-07-21T09:17:29Z,
intake-esm,3,0,2019-07-21T08:54:40Z,
intake-esm,0,127,2019-07-21T08:40:39Z,
intake-esm,528,73,2019-07-21T08:22:08Z,
intake-esm,127,0,2019-07-21T03:30:59Z,
intake-esm,15,3,2019-07-21T03:27:54Z,
intake-esm,528,73,2019-07-19T16:52:50Z,andersy005
intake-esm,3,19,2019-07-17T00:00:35Z,andersy005
intake-esm,121,10,2019-07-16T23:42:34Z,andersy005
intake-esm,31,4,2019-07-16T22:49:46Z,andersy005
intake-esm,2,1,2019-07-16T20:35:20Z,andersy005
intake-esm,6,5,2019-07-16T20:35:04Z,andersy005
intake-esm,51,9,2019-07-16T20:00:04Z,andersy005
intake-esm,9,7,2019-07-16T19:23:18Z,andersy005
intake-esm,105,65,2019-07-16T18:40:24Z,andersy005
intake-esm,107,23,2019-07-15T22:47:27Z,andersy005
intake-esm,107,23,2019-07-15T02:22:46Z,andersy005
intake-esm,1,1,2019-07-15T02:18:29Z,andersy005
intake-esm,38,3,2019-07-08T01:56:44Z,andersy005
intake-esm,97,13,2019-06-30T19:49:08Z,andersy005
intake-esm,10,10,2019-06-30T19:44:44Z,andersy005
intake-esm,190,14,2019-06-28T16:43:10Z,andersy005
intake-esm,36,0,2019-06-27T14:56:17Z,andersy005
intake-esm,5,13,2019-06-26T20:05:31Z,andersy005
intake-esm,2,4,2019-06-26T19:44:55Z,andersy005
intake-esm,3,9,2019-06-26T19:44:01Z,andersy005
intake-esm,1,1,2019-06-21T22:48:47Z,andersy005
intake-esm,1,1,2019-06-21T22:15:06Z,andersy005
intake-esm,63,6,2019-06-21T21:12:57Z,andersy005
intake-esm,63,6,2019-06-21T20:46:29Z,andersy005
intake-esm,49,10,2019-06-20T23:10:44Z,andersy005
intake-esm,1,0,2019-06-20T23:03:09Z,andersy005
intake-esm,48,10,2019-06-20T22:58:05Z,andersy005
intake-esm,129,10,2019-06-20T14:47:14Z,andersy005
intake-esm,2,0,2019-06-20T14:40:23Z,andersy005
intake-esm,6,3,2019-06-20T14:32:03Z,andersy005
intake-esm,1,0,2019-06-20T14:27:06Z,andersy005
intake-esm,17,1,2019-06-20T14:16:41Z,andersy005
intake-esm,3,0,2019-06-20T14:06:31Z,andersy005
intake-esm,20,4,2019-06-19T22:16:46Z,andersy005
intake-esm,8,0,2019-06-19T21:43:06Z,andersy005
intake-esm,2,0,2019-06-19T21:26:41Z,andersy005
intake-esm,74,6,2019-06-19T21:18:22Z,andersy005
intake-esm,42,29,2019-06-19T20:26:32Z,andersy005
intake-esm,42,29,2019-06-19T20:14:22Z,andersy005
intake-esm,93,93,2019-06-18T12:34:37Z,matt-long
intake-esm,93,93,2019-06-18T12:10:04Z,matt-long
intake-esm,1,1,2019-06-17T21:22:00Z,matt-long
intake-esm,1,1,2019-06-17T21:20:37Z,matt-long
intake-esm,56,5,2019-06-17T12:36:53Z,matt-long
intake-esm,9,2,2019-06-16T19:37:53Z,andersy005
intake-esm,47,3,2019-06-16T19:26:47Z,andersy005
intake-esm,315,12,2019-06-16T17:52:20Z,andersy005
intake-esm,1,1,2019-06-16T17:43:55Z,andersy005
intake-esm,31,0,2019-06-16T17:38:53Z,andersy005
intake-esm,0,0,2019-06-16T17:15:22Z,matt-long
intake-esm,0,0,2019-06-16T17:14:40Z,matt-long
intake-esm,5,12,2019-06-16T17:13:31Z,matt-long
intake-esm,1,1,2019-06-16T17:06:57Z,matt-long
intake-esm,40,0,2019-06-16T17:04:53Z,matt-long
intake-esm,15,8,2019-06-16T16:58:48Z,matt-long
intake-esm,0,0,2019-06-16T16:43:11Z,andersy005
intake-esm,264,258,2019-06-16T16:39:41Z,matt-long
intake-esm,18,41,2019-06-16T16:31:23Z,matt-long
intake-esm,6,1,2019-06-16T16:30:57Z,matt-long
intake-esm,18,41,2019-06-16T16:28:12Z,andersy005
intake-esm,28,12,2019-06-16T16:13:30Z,matt-long
intake-esm,2,2,2019-06-16T15:26:14Z,matt-long
intake-esm,2,2,2019-06-16T15:22:55Z,matt-long
intake-esm,1,1,2019-06-16T15:21:01Z,matt-long
intake-esm,45,1,2019-06-16T15:10:15Z,matt-long
intake-esm,0,0,2019-06-16T14:57:49Z,matt-long
intake-esm,0,0,2019-06-16T14:57:34Z,matt-long
intake-esm,264,258,2019-06-16T14:53:45Z,matt-long
intake-esm,1,1,2019-06-16T13:07:56Z,matt-long
intake-esm,11,11,2019-06-16T12:59:01Z,matt-long
intake-esm,252,246,2019-06-16T12:49:52Z,matt-long
intake-esm,183,1,2019-06-16T06:08:04Z,andersy005
intake-esm,13,5,2019-06-16T05:19:05Z,andersy005
intake-esm,3,3,2019-06-16T05:04:04Z,andersy005
intake-esm,11,15,2019-06-16T02:06:03Z,andersy005
intake-esm,250,29,2019-06-16T01:49:52Z,andersy005
intake-esm,11,15,2019-06-16T01:48:48Z,andersy005
intake-esm,17,4,2019-06-15T20:48:05Z,matt-long
intake-esm,17,4,2019-06-15T20:45:08Z,matt-long
intake-esm,11,15,2019-06-15T16:42:42Z,matt-long
intake-esm,252,60,2019-06-15T01:59:41Z,andersy005
intake-esm,0,1,2019-06-15T01:55:47Z,andersy005
intake-esm,8,5,2019-06-15T01:50:45Z,andersy005
intake-esm,50,16,2019-06-15T01:36:55Z,andersy005
intake-esm,191,3,2019-06-15T00:50:57Z,andersy005
intake-esm,4,16,2019-06-14T23:34:42Z,andersy005
intake-esm,2,22,2019-06-14T23:15:32Z,andersy005
intake-esm,20,4,2019-06-14T23:05:29Z,andersy005
intake-esm,8,4,2019-06-14T23:01:15Z,andersy005
intake-esm,14,2,2019-06-14T22:37:03Z,andersy005
intake-esm,1286,3063,2019-06-14T22:27:31Z,andersy005
intake-esm,365,0,2019-06-14T22:23:07Z,andersy005
intake-esm,0,399,2019-06-14T22:20:16Z,andersy005
intake-esm,9,5,2019-06-14T18:40:38Z,andersy005
intake-esm,21,0,2019-06-14T18:12:46Z,andersy005
intake-esm,2,12,2019-06-14T16:57:29Z,andersy005
intake-esm,12,400,2019-06-13T22:52:11Z,andersy005
intake-esm,2,2,2019-06-13T01:38:28Z,andersy005
intake-esm,3,8,2019-06-13T01:17:00Z,andersy005
intake-esm,138,246,2019-06-13T01:15:55Z,andersy005
intake-esm,3,27,2019-06-13T00:37:12Z,andersy005
intake-esm,4,22,2019-06-13T00:21:37Z,andersy005
intake-esm,162,187,2019-06-13T00:15:44Z,andersy005
intake-esm,289,204,2019-06-12T22:14:13Z,andersy005
intake-esm,10,3,2019-06-12T18:40:56Z,andersy005
intake-esm,134,288,2019-06-12T18:16:21Z,andersy005
intake-esm,17,27,2019-06-11T23:22:07Z,andersy005
intake-esm,378,1399,2019-06-11T22:33:27Z,andersy005
intake-esm,2,3,2019-06-11T22:11:35Z,andersy005
intake-esm,24,119,2019-06-11T22:00:57Z,andersy005
intake-esm,3,2,2019-06-11T21:15:51Z,andersy005
intake-esm,565,567,2019-06-11T21:09:43Z,andersy005
intake-esm,21,21,2019-05-12T05:08:48Z,andersy005
intake-esm,2,2,2019-05-12T05:03:34Z,andersy005
intake-esm,1,1,2019-05-12T05:03:15Z,andersy005
intake-esm,1,1,2019-05-12T04:52:24Z,andersy005
intake-esm,17,17,2019-05-12T04:51:46Z,andersy005
intake-esm,177082,715,2019-05-10T05:44:11Z,andersy005
intake-esm,1348,62,2019-05-10T05:35:26Z,andersy005
intake-esm,88,29,2019-05-10T05:24:40Z,andersy005
intake-esm,12,2,2019-05-10T05:22:19Z,andersy005
intake-esm,3626,664,2019-05-10T04:12:54Z,andersy005
intake-esm,31,79,2019-05-09T23:24:48Z,andersy005
intake-esm,884,459,2019-05-09T23:11:05Z,andersy005
intake-esm,100,98,2019-05-09T16:03:20Z,andersy005
intake-esm,30,25,2019-05-09T15:51:02Z,andersy005
intake-esm,1,1,2019-05-09T01:17:27Z,andersy005
intake-esm,4,3,2019-05-09T01:10:21Z,andersy005
intake-esm,290,171,2019-05-09T01:07:41Z,andersy005
intake-esm,80,26,2019-05-09T00:42:05Z,andersy005
intake-esm,555,221,2019-05-08T23:11:24Z,andersy005
intake-esm,1800,8,2019-05-08T22:32:46Z,andersy005
intake-esm,1,0,2019-05-08T22:07:03Z,andersy005
intake-esm,43,1,2019-05-08T22:02:51Z,andersy005
intake-esm,169295,10,2019-05-08T20:58:37Z,andersy005
intake-esm,38,0,2019-05-08T17:26:41Z,andersy005
intake-esm,4,2,2019-05-08T16:57:35Z,andersy005
intake-esm,3,1,2019-05-08T16:46:25Z,andersy005
intake-esm,1,1,2019-05-08T16:32:56Z,andersy005
intake-esm,20,14,2019-05-01T16:53:13Z,andersy005
intake-esm,0,3,2019-05-01T05:26:37Z,andersy005
intake-esm,23,14,2019-05-01T02:31:59Z,andersy005
intake-esm,102,1712,2019-04-28T03:07:50Z,andersy005
intake-esm,1,2,2019-04-28T02:59:27Z,andersy005
intake-esm,101,63,2019-04-28T02:38:16Z,andersy005
intake-esm,0,1647,2019-04-28T00:21:36Z,andersy005
intake-esm,7649,433,2019-04-28T00:08:06Z,andersy005
intake-esm,11,0,2019-04-27T23:56:16Z,andersy005
intake-esm,17,1,2019-04-27T23:52:28Z,andersy005
intake-esm,1823,0,2019-04-27T23:25:07Z,andersy005
intake-esm,11,16,2019-04-27T01:38:12Z,andersy005
intake-esm,1,432,2019-04-27T01:09:32Z,andersy005
intake-esm,1765,330,2019-04-27T00:59:41Z,andersy005
intake-esm,18,0,2019-04-26T18:38:32Z,andersy005
intake-esm,263,0,2019-04-26T18:36:06Z,andersy005
intake-esm,177,17,2019-04-26T18:26:48Z,andersy005
intake-esm,3926,0,2019-04-26T17:15:32Z,andersy005
intake-esm,4,3,2019-04-26T02:58:24Z,andersy005
intake-esm,4,3,2019-04-26T02:52:39Z,andersy005
intake-esm,10,32,2019-04-26T02:25:19Z,andersy005
intake-esm,2,2,2019-04-26T02:21:20Z,andersy005
intake-esm,8,30,2019-04-26T02:14:00Z,andersy005
intake-esm,15,1,2019-04-26T00:17:08Z,andersy005
intake-esm,1,0,2019-04-26T00:13:53Z,andersy005
intake-esm,13,0,2019-04-26T00:08:46Z,andersy005
intake-esm,1,1,2019-04-26T00:05:09Z,andersy005
intake-esm,573,1035,2019-04-25T23:22:23Z,andersy005
intake-esm,2,2,2019-04-25T23:16:54Z,andersy005
intake-esm,1,1,2019-04-25T23:10:19Z,andersy005
intake-esm,574,1036,2019-04-25T23:09:06Z,andersy005
intake-esm,4,7,2019-04-25T22:44:23Z,andersy005
intake-esm,4,7,2019-04-25T22:37:46Z,andersy005
intake-esm,15,13,2019-04-25T22:01:30Z,andersy005
intake-esm,15,13,2019-04-25T20:47:31Z,andersy005
intake-esm,2575,2484,2019-04-25T18:56:34Z,andersy005
intake-esm,888,18,2019-04-25T18:49:13Z,andersy005
intake-esm,2,2,2019-04-25T18:10:33Z,andersy005
intake-esm,3,3,2019-04-25T18:01:41Z,andersy005
intake-esm,2,2,2019-04-25T17:57:46Z,andersy005
intake-esm,77,20,2019-04-25T17:43:33Z,andersy005
intake-esm,116,1047,2019-04-23T22:32:11Z,andersy005
intake-esm,0,0,2019-04-23T20:07:10Z,andersy005
intake-esm,10,1,2019-04-12T01:37:46Z,andersy005
intake-esm,9,0,2019-04-12T01:19:16Z,andersy005
intake-esm,1137,1460,2019-04-12T01:15:59Z,andersy005
intake-esm,17,8,2019-04-10T21:18:02Z,andersy005
intake-esm,1187,1216,2019-04-10T21:17:33Z,andersy005
intake-esm,4,2,2019-04-10T20:30:12Z,andersy005
intake-esm,3,4,2019-04-10T20:18:43Z,andersy005
intake-esm,1,0,2019-04-10T19:50:44Z,andersy005
intake-esm,540,2472,2019-04-10T19:46:54Z,andersy005
intake-esm,1214,5,2019-04-08T13:49:22Z,andersy005
intake-esm,1036,0,2019-04-05T19:59:37Z,aaronspring
intake-esm,105,0,2019-04-05T19:57:32Z,aaronspring
intake-esm,20,37,2019-04-04T16:29:23Z,andersy005
intake-esm,0,20,2019-04-04T16:21:55Z,andersy005
intake-esm,22,19,2019-04-04T16:12:47Z,andersy005
intake-esm,1,1,2019-03-22T22:51:43Z,andersy005
intake-esm,3,3,2019-03-22T22:41:29Z,andersy005
intake-esm,2526,3610,2019-03-22T19:28:59Z,andersy005
intake-esm,2526,3610,2019-03-22T19:26:05Z,andersy005
intake-esm,3,3,2019-03-22T18:47:15Z,andersy005
intake-esm,3,3,2019-03-22T18:43:45Z,andersy005
intake-esm,1390,1793,2019-03-22T18:26:50Z,andersy005
intake-esm,2,1,2019-03-22T18:23:24Z,andersy005
intake-esm,9,3,2019-03-22T18:17:17Z,andersy005
intake-esm,0,1,2019-03-22T17:43:23Z,andersy005
intake-esm,95,7,2019-03-22T17:42:16Z,andersy005
intake-esm,12,38,2019-03-22T17:41:50Z,andersy005
intake-esm,6,1,2019-03-22T17:41:06Z,andersy005
intake-esm,495,135,2019-03-22T15:27:36Z,andersy005
intake-esm,6,1,2019-03-20T22:38:42Z,andersy005
intake-esm,3,2,2019-03-20T22:32:46Z,andersy005
intake-esm,25,4,2019-03-20T22:19:44Z,andersy005
intake-esm,28,54,2019-03-20T21:55:35Z,andersy005
intake-esm,53,81,2019-03-20T19:54:40Z,andersy005
intake-esm,60,43,2019-03-20T19:35:32Z,andersy005
intake-esm,53,78,2019-03-20T18:02:02Z,andersy005
intake-esm,195,1,2019-03-20T17:36:52Z,andersy005
intake-esm,0,0,2019-03-20T17:28:01Z,andersy005
intake-esm,5,3,2019-03-20T17:00:02Z,andersy005
intake-esm,7,3,2019-03-20T16:11:06Z,andersy005
intake-esm,5,10,2019-03-20T16:02:05Z,andersy005
intake-esm,92,38,2019-03-20T15:50:42Z,andersy005
intake-esm,143,137,2019-03-20T14:54:57Z,andersy005
intake-esm,13,13,2019-03-19T15:56:02Z,andersy005
intake-esm,63,36,2019-03-19T15:44:48Z,andersy005
intake-esm,32,64,2019-03-19T15:10:50Z,andersy005
intake-esm,2,2,2019-03-19T14:42:44Z,andersy005
intake-esm,399,191,2019-03-19T14:38:21Z,andersy005
intake-esm,1629,241,2019-03-19T13:54:48Z,andersy005
intake-esm,1342,44,2019-03-19T13:48:46Z,andersy005
intake-esm,0,1,2019-03-19T00:08:29Z,andersy005
intake-esm,3,3,2019-03-19T00:01:21Z,andersy005
intake-esm,8,5,2019-03-18T22:46:46Z,andersy005
intake-esm,13,12,2019-03-18T22:41:08Z,andersy005
intake-esm,3,1,2019-03-18T19:45:07Z,andersy005
intake-esm,2,3,2019-03-18T19:35:32Z,andersy005
intake-esm,13,1,2019-03-18T19:29:56Z,andersy005
intake-esm,29,45,2019-03-18T19:29:42Z,andersy005
intake-esm,65,28,2019-03-18T18:11:51Z,andersy005
intake-esm,232,144,2019-03-18T15:28:23Z,andersy005
intake-esm,10,22,2019-03-18T02:10:48Z,andersy005
intake-esm,19,19,2019-03-18T00:37:28Z,andersy005
intake-esm,68,23,2019-03-17T23:37:50Z,andersy005
intake-esm,36,6,2019-03-17T22:09:14Z,andersy005
intake-esm,0,0,2019-03-17T22:02:20Z,andersy005
intake-esm,56,61,2019-03-17T19:41:07Z,andersy005
intake-esm,29,20,2019-03-17T19:32:30Z,andersy005
intake-esm,0,2,2019-03-17T19:31:43Z,andersy005
intake-esm,29,16,2019-03-15T21:25:57Z,andersy005
intake-esm,34,71,2019-03-15T20:52:16Z,andersy005
intake-esm,818,12,2019-03-13T21:40:21Z,matt-long
intake-esm,4,0,2019-03-11T16:48:12Z,matt-long
intake-esm,2,2,2019-03-11T15:50:47Z,matt-long
intake-esm,223,111,2019-03-11T15:47:21Z,matt-long
intake-esm,0,0,2019-03-11T15:42:26Z,matt-long
intake-esm,79,83,2019-03-11T15:41:48Z,matt-long
intake-esm,124,0,2019-03-11T15:28:50Z,matt-long
intake-esm,0,0,2019-03-11T15:28:34Z,matt-long
intake-esm,66,36,2019-03-10T22:56:01Z,matt-long
intake-esm,484,0,2019-03-10T20:39:14Z,matt-long
intake-esm,124,0,2019-03-10T20:34:35Z,matt-long
intake-esm,0,0,2019-03-10T20:26:51Z,matt-long
intake-esm,360,0,2019-03-10T20:25:53Z,matt-long
intake-esm,10,4,2019-03-10T03:40:35Z,andersy005
intake-esm,193,13,2019-03-09T21:18:39Z,matt-long
intake-esm,4,4,2019-03-09T18:58:47Z,matt-long
intake-esm,1,0,2019-03-09T16:59:32Z,matt-long
intake-esm,5,0,2019-03-09T16:58:36Z,matt-long
intake-esm,3041,335,2019-03-09T13:57:25Z,matt-long
intake-esm,28,37,2019-03-09T03:04:27Z,andersy005
intake-esm,21,14,2019-03-09T02:29:48Z,andersy005
intake-esm,19,12,2019-03-09T00:06:46Z,matt-long
intake-esm,2,2,2019-03-08T20:47:45Z,matt-long
intake-esm,11,3,2019-03-07T21:08:42Z,andersy005
intake-esm,22,12,2019-03-07T20:51:18Z,andersy005
intake-esm,1,3,2019-03-04T22:28:56Z,andersy005
intake-esm,5,1,2019-03-04T22:19:55Z,andersy005
intake-esm,7,0,2019-03-04T22:09:41Z,andersy005
intake-esm,95,6,2019-03-04T21:01:35Z,andersy005
intake-esm,57,18,2019-03-04T20:51:16Z,andersy005
intake-esm,3,2,2019-03-04T20:36:11Z,andersy005
intake-esm,1,1,2019-03-04T20:23:20Z,andersy005
intake-esm,82,82,2019-03-04T20:09:24Z,andersy005
intake-esm,595,189,2019-03-04T19:55:35Z,andersy005
intake-esm,86,0,2019-03-03T04:24:10Z,andersy005
intake-esm,32,15,2019-03-03T03:39:42Z,andersy005
intake-esm,6,6,2019-03-03T03:07:48Z,andersy005
intake-esm,0,6,2019-03-03T02:50:36Z,andersy005
intake-esm,30,33,2019-03-03T02:44:22Z,andersy005
intake-esm,144,51,2019-03-03T02:24:47Z,andersy005
intake-esm,5,0,2019-03-03T00:06:26Z,andersy005
intake-esm,4,10,2019-03-02T23:29:20Z,andersy005
intake-esm,10,8,2019-03-02T23:09:54Z,andersy005
intake-esm,3,3,2019-03-02T23:02:37Z,andersy005
intake-esm,10,0,2019-03-01T22:31:58Z,andersy005
intake-esm,1632,0,2019-03-01T22:04:08Z,andersy005
intake-esm,1,1,2019-03-01T21:42:36Z,andersy005
intake-esm,47,7,2019-03-01T21:07:31Z,andersy005
intake-esm,130,7,2019-03-01T20:21:10Z,andersy005
intake-esm,149,16,2019-03-01T17:53:37Z,andersy005
intake-esm,10,0,2019-03-01T17:09:43Z,andersy005
intake-esm,10,1,2019-03-01T17:09:04Z,andersy005
intake-esm,110,95,2019-02-27T23:36:04Z,andersy005
intake-esm,201,0,2019-02-27T17:53:50Z,andersy005
intake-esm,201,0,2019-02-27T17:51:33Z,andersy005
intake-esm,64,31,2019-02-27T17:34:05Z,andersy005
intake-esm,28,0,2019-02-27T15:57:30Z,andersy005
intake-esm,34,30,2019-02-27T15:42:52Z,andersy005
intake-esm,2,1,2019-02-27T15:39:10Z,andersy005
intake-esm,2467,3289,2019-02-27T13:08:52Z,matt-long
intake-esm,5,2,2019-02-27T04:02:43Z,andersy005
intake-esm,3,4,2019-02-27T03:56:56Z,andersy005
intake-esm,12,7,2019-02-27T03:53:37Z,andersy005
intake-esm,0,88,2019-02-26T19:14:40Z,andersy005
intake-esm,6,2075,2019-02-26T18:36:12Z,andersy005
intake-esm,2190,1770,2019-02-26T18:32:15Z,andersy005
intake-esm,52,21,2019-02-26T18:16:03Z,andersy005
intake-esm,221,209,2019-02-26T18:05:06Z,andersy005
intake-esm,2,2,2019-02-26T14:37:32Z,andersy005
intake-esm,7,4,2019-02-26T14:35:52Z,andersy005
intake-esm,1,1,2019-02-26T14:28:40Z,andersy005
intake-esm,3,4,2019-02-26T14:28:01Z,andersy005
intake-esm,1,1,2019-02-24T00:26:07Z,andersy005
intake-esm,26,2,2019-02-24T00:13:26Z,andersy005
intake-esm,1,1,2019-02-23T23:57:34Z,andersy005
intake-esm,8,27,2019-02-23T23:57:02Z,andersy005
intake-esm,1925,1728,2019-02-18T00:42:41Z,andersy005
intake-esm,730,266,2019-02-18T00:25:24Z,andersy005
intake-esm,2,2,2019-02-18T00:12:34Z,andersy005
intake-esm,1,1,2019-02-18T00:10:22Z,andersy005
intake-esm,11,9,2019-02-17T23:52:10Z,andersy005
intake-esm,4,17,2019-02-17T23:28:42Z,andersy005
intake-esm,0,0,2019-02-17T23:23:59Z,andersy005
intake-esm,10,7,2019-02-17T23:19:08Z,andersy005
intake-esm,31,13,2019-02-17T23:13:00Z,andersy005
intake-esm,25,6,2019-02-17T22:59:11Z,andersy005
intake-esm,2,2,2019-02-17T22:27:00Z,andersy005
intake-esm,1,1,2019-02-17T22:20:26Z,andersy005
intake-esm,13,14,2019-02-17T22:11:50Z,andersy005
intake-esm,520,556,2019-02-17T21:31:07Z,andersy005
intake-esm,20,13,2019-02-17T06:10:30Z,andersy005
intake-esm,25,0,2019-02-17T06:08:26Z,andersy005
intake-esm,8,8,2019-02-16T22:26:37Z,andersy005
intake-esm,8,8,2019-02-16T22:23:47Z,andersy005
intake-esm,19,0,2019-02-16T22:22:14Z,andersy005
intake-esm,1,93,2019-02-16T21:56:35Z,andersy005
intake-esm,122,0,2019-02-16T21:53:44Z,andersy005
intake-esm,1,1,2019-02-16T21:21:39Z,andersy005
intake-esm,2,2,2019-02-16T21:13:21Z,andersy005
intake-esm,6,7,2019-02-16T21:06:20Z,andersy005
intake-esm,2,2,2019-02-16T20:36:43Z,andersy005
intake-esm,2,2,2019-02-16T06:42:53Z,andersy005
intake-esm,1,6,2019-02-16T06:40:10Z,andersy005
intake-esm,6,1,2019-02-16T06:35:28Z,andersy005
intake-esm,4,1,2019-02-16T06:20:28Z,andersy005
intake-esm,147,25,2019-02-16T06:18:24Z,andersy005
intake-esm,121,232,2019-02-15T19:40:29Z,andersy005
intake-esm,5,3,2019-02-15T04:25:55Z,andersy005
intake-esm,0,27,2019-02-15T04:22:41Z,andersy005
intake-esm,21,0,2019-02-15T04:17:17Z,andersy005
intake-esm,0,95,2019-02-15T04:11:49Z,andersy005
intake-esm,1,1,2019-02-15T04:07:14Z,andersy005
intake-esm,114,126,2019-02-15T04:03:37Z,andersy005
intake-esm,37,277,2019-02-14T22:02:47Z,andersy005
intake-esm,10,8,2019-02-14T20:50:02Z,matt-long
intake-esm,2,246,2019-02-14T20:32:54Z,matt-long
intake-esm,1,5,2019-02-14T19:18:55Z,matt-long
intake-esm,23,23,2019-02-13T21:14:49Z,matt-long
intake-esm,1,2,2019-02-13T20:37:12Z,matt-long
intake-esm,4,3,2019-02-13T20:32:44Z,matt-long
intake-esm,0,5,2019-02-13T17:39:34Z,matt-long
intake-esm,28,17,2019-02-13T17:36:46Z,matt-long
intake-esm,13,23,2019-02-13T05:23:52Z,andersy005
intake-esm,13,23,2019-02-13T05:14:32Z,andersy005
intake-esm,190,186,2019-02-09T19:22:51Z,matt-long
intake-esm,16,12,2019-02-09T18:29:36Z,matt-long
intake-esm,261,1350,2019-02-08T19:14:44Z,matt-long
intake-esm,206,1355,2019-02-08T18:28:13Z,matt-long
intake-esm,57,101,2019-02-08T02:17:38Z,andersy005
intake-esm,8,0,2019-02-08T01:50:53Z,andersy005
intake-esm,8,584,2019-02-08T01:38:06Z,andersy005
intake-esm,8,7,2019-02-08T01:25:07Z,andersy005
intake-esm,6,13,2019-02-08T00:15:22Z,andersy005
intake-esm,1,576,2019-02-07T23:44:59Z,andersy005
intake-esm,48,39,2019-02-07T21:50:36Z,andersy005
intake-esm,24,29,2019-02-07T21:01:12Z,andersy005
intake-esm,2,1,2019-02-07T20:24:57Z,andersy005
intake-esm,19,5,2019-02-07T20:20:51Z,andersy005
intake-esm,35,10,2019-02-07T19:34:40Z,andersy005
intake-esm,70,10,2019-02-07T04:47:44Z,andersy005
intake-esm,3,15,2019-02-07T04:43:44Z,andersy005
intake-esm,15,3,2019-02-07T04:35:11Z,andersy005
intake-esm,3,2,2019-02-06T23:54:58Z,andersy005
intake-esm,0,1,2019-02-06T23:51:52Z,andersy005
intake-esm,3,1,2019-02-06T22:36:55Z,andersy005
intake-esm,28,8,2019-02-06T22:24:13Z,andersy005
intake-esm,174,174,2019-02-06T22:02:50Z,matt-long
intake-esm,38,0,2019-02-06T21:36:43Z,andersy005
intake-esm,1703,1555,2019-02-06T19:45:12Z,andersy005
intake-esm,2,1,2019-02-06T19:39:59Z,matt-long
intake-esm,12,3,2019-02-06T19:02:51Z,matt-long
intake-esm,1211,14,2019-02-06T18:05:11Z,matt-long
intake-esm,20,73,2019-02-06T17:46:39Z,matt-long
intake-esm,2,0,2019-02-06T16:29:46Z,matt-long
intake-esm,9,0,2019-02-06T16:20:56Z,matt-long
intake-esm,1,1,2019-02-06T15:52:15Z,matt-long
intake-esm,49,8,2019-02-06T15:38:31Z,matt-long
intake-esm,1,1,2019-02-06T13:21:43Z,matt-long
intake-esm,400,1458,2019-02-06T12:34:43Z,matt-long
intake-esm,127,105,2019-02-06T06:00:55Z,andersy005
intake-esm,1,1,2019-02-06T05:56:41Z,andersy005
intake-esm,2,1,2019-02-06T05:44:11Z,andersy005
intake-esm,1,1,2019-02-06T05:38:57Z,andersy005
intake-esm,1,1,2019-02-06T05:28:07Z,andersy005
intake-esm,3,0,2019-02-06T05:25:20Z,andersy005
intake-esm,2,1,2019-02-06T05:19:57Z,andersy005
intake-esm,2,0,2019-02-06T05:14:44Z,andersy005
intake-esm,57,0,2019-02-06T05:04:13Z,andersy005
intake-esm,1,1,2019-02-06T05:01:15Z,andersy005
intake-esm,10,2,2019-02-06T04:59:00Z,andersy005
intake-esm,45,94,2019-02-06T04:57:01Z,andersy005
intake-esm,4,4,2019-02-06T04:47:06Z,andersy005
intake-esm,2,3,2019-02-06T04:46:01Z,andersy005
intake-esm,16,9,2019-02-06T03:18:36Z,andersy005
intake-esm,0,0,2019-02-06T03:05:31Z,matt-long
intake-esm,1,1,2019-02-05T22:50:52Z,matt-long
intake-esm,11,5,2019-02-05T22:09:20Z,matt-long
intake-esm,5,4,2019-02-05T22:01:01Z,matt-long
intake-esm,4587,164008,2019-02-05T19:48:17Z,andersy005
intake-esm,1,1,2019-02-05T19:39:15Z,matt-long
intake-esm,85,76,2019-02-05T19:31:28Z,matt-long
intake-esm,7,8,2019-02-05T19:25:12Z,matt-long
intake-esm,39,43,2019-02-05T19:13:17Z,matt-long
intake-esm,10,3,2019-02-05T18:01:29Z,matt-long
intake-esm,87,20,2019-02-05T17:26:47Z,matt-long
intake-esm,1,1,2019-02-04T22:54:58Z,matt-long
intake-esm,2,2,2019-02-04T22:50:07Z,matt-long
intake-esm,621,11,2019-02-04T22:45:17Z,matt-long
intake-esm,41,7,2019-02-04T22:14:36Z,matt-long
intake-esm,52,49,2019-02-04T22:04:21Z,matt-long
intake-esm,1979,162801,2019-02-04T22:00:16Z,matt-long
intake-esm,1688,1012,2019-02-04T21:59:01Z,matt-long
intake-esm,0,0,2019-02-04T21:53:43Z,matt-long
intake-esm,207,75,2019-02-01T21:45:58Z,andersy005
intake-esm,78,20,2019-02-01T21:41:08Z,andersy005
intake-esm,126,41,2019-02-01T21:37:31Z,andersy005
intake-esm,4,15,2019-01-30T23:42:48Z,andersy005
intake-esm,752,557,2019-01-30T23:29:07Z,andersy005
intake-esm,296,343,2019-01-30T23:26:04Z,andersy005
intake-esm,3,3,2019-01-30T23:02:54Z,andersy005
intake-esm,51,7,2019-01-30T23:00:29Z,andersy005
intake-esm,127,31,2019-01-30T22:35:01Z,andersy005
intake-esm,1,4,2019-01-30T22:32:29Z,andersy005
intake-esm,3,1,2019-01-30T22:24:59Z,andersy005
intake-esm,17,69,2019-01-30T19:59:04Z,andersy005
intake-esm,2,4,2019-01-30T19:50:48Z,andersy005
intake-esm,1,1,2019-01-30T19:42:18Z,andersy005
intake-esm,2,2,2019-01-30T19:40:14Z,andersy005
intake-esm,237,133,2019-01-30T19:33:19Z,andersy005
intake-esm,2,1,2019-01-30T17:52:34Z,andersy005
intake-esm,7,8,2019-01-30T06:52:30Z,andersy005
intake-esm,68,15,2019-01-30T06:36:48Z,andersy005
intake-esm,1114,16,2019-01-27T07:20:27Z,andersy005
intake-esm,1,1,2019-01-27T07:16:19Z,andersy005
intake-esm,1,1,2019-01-27T07:15:00Z,andersy005
intake-esm,1,1,2019-01-27T07:13:09Z,andersy005
intake-esm,1,0,2019-01-27T07:12:18Z,andersy005
intake-esm,8,0,2019-01-27T07:11:45Z,andersy005
intake-esm,7,0,2019-01-27T07:08:20Z,andersy005
intake-esm,150,0,2019-01-27T07:06:18Z,andersy005
intake-esm,100,48,2019-01-27T06:47:02Z,andersy005
intake-esm,8,0,2019-01-27T06:28:13Z,andersy005
intake-esm,42,0,2019-01-27T06:22:30Z,andersy005
intake-esm,18,14,2019-01-27T06:03:58Z,andersy005
intake-esm,824,0,2019-01-27T05:54:52Z,andersy005
intake-esm,2,0,2019-01-27T05:42:16Z,andersy005
intake-esm,164224,80,2019-01-27T02:26:26Z,andersy005
intake-esm,2,2,2019-01-26T01:53:25Z,andersy005
intake-esm,1,0,2019-01-26T01:46:41Z,andersy005
intake-esm,81,74,2019-01-26T01:43:20Z,andersy005
intake-esm,3,0,2019-01-26T01:24:14Z,andersy005
intake-esm,1,0,2019-01-26T01:17:56Z,andersy005
intake-esm,2,2,2019-01-26T01:14:46Z,andersy005
intake-esm,7,4,2019-01-26T01:08:41Z,andersy005
intake-esm,115,1,2019-01-26T01:05:32Z,andersy005
intake-esm,1009,0,2019-01-25T04:39:08Z,andersy005
intake-esm,205,2,2019-01-25T04:35:51Z,andersy005
intake-esm,162802,1405,2019-01-24T21:54:38Z,andersy005
intake-esm,1407,1,2019-01-24T02:16:05Z,andersy005
intake-esm,0,0,2019-01-22T22:46:19Z,andersy005
intake-esm,168,142,2019-01-22T22:45:22Z,andersy005
intake-esm,1,1,2019-01-22T22:39:47Z,andersy005
intake-esm,31,44,2019-01-22T22:38:37Z,andersy005
intake-esm,4,4,2019-01-22T22:21:17Z,andersy005
intake-esm,47,33,2019-01-22T22:17:14Z,andersy005
intake-esm,122,97,2019-01-22T21:59:40Z,andersy005
intake-esm,14,35,2018-12-31T17:39:02Z,andersy005
intake-esm,14,5,2018-12-31T17:32:51Z,andersy005
intake-esm,0,0,2018-12-31T17:27:36Z,andersy005
intake-esm,0,30,2018-12-31T17:18:33Z,andersy005
intake-esm,3555,0,2018-12-31T17:11:29Z,andersy005
intake-esm,7,42,2018-12-31T17:07:02Z,andersy005
intake-esm,3590,0,2018-12-31T16:57:42Z,andersy005
intake-esm,104,0,2018-12-31T16:43:26Z,andersy005
jupyter-forward,34,0,2022-02-25T21:37:44Z,andersy005
jupyter-forward,464,221,2022-02-25T21:14:58Z,andersy005
jupyter-forward,115,31,2022-02-17T20:34:32Z,andersy005
jupyter-forward,1,1,2022-02-14T12:39:54Z,dependabot[bot]
jupyter-forward,2,2,2022-02-11T17:56:56Z,tobias-haenel
jupyter-forward,1,1,2022-01-31T22:53:21Z,pre-commit-ci[bot]
jupyter-forward,201,127,2022-01-31T03:53:04Z,andersy005
jupyter-forward,111,111,2022-01-27T02:18:18Z,andersy005
jupyter-forward,42,0,2022-01-15T02:15:27Z,andersy005
jupyter-forward,250,157,2022-01-15T02:07:37Z,andersy005
jupyter-forward,2,2,2022-01-15T01:25:43Z,andersy005
jupyter-forward,21,23,2022-01-15T01:17:40Z,andersy005
jupyter-forward,2,2,2022-01-15T01:12:12Z,andersy005
jupyter-forward,0,33,2022-01-15T01:07:15Z,andersy005
jupyter-forward,3,13,2022-01-15T01:05:29Z,andersy005
jupyter-forward,2,2,2022-01-10T18:45:28Z,dependabot[bot]
jupyter-forward,1,1,2021-12-28T02:05:12Z,pre-commit-ci[bot]
jupyter-forward,2,2,2021-12-06T19:24:59Z,pre-commit-ci[bot]
jupyter-forward,2,2,2021-11-29T18:43:42Z,pre-commit-ci[bot]
jupyter-forward,2,2,2021-11-22T19:14:13Z,pre-commit-ci[bot]
jupyter-forward,1,1,2021-11-15T19:30:29Z,pre-commit-ci[bot]
jupyter-forward,1,1,2021-11-08T18:57:15Z,pre-commit-ci[bot]
jupyter-forward,1,1,2021-11-01T23:51:39Z,pre-commit-ci[bot]
jupyter-forward,7,1,2021-10-15T03:45:59Z,andersy005
jupyter-forward,1,1,2021-10-11T18:22:32Z,pre-commit-ci[bot]
jupyter-forward,2,2,2021-09-20T19:50:44Z,pre-commit-ci[bot]
jupyter-forward,1,1,2021-09-20T13:56:56Z,dependabot[bot]
jupyter-forward,2,2,2021-09-13T18:25:36Z,pre-commit-ci[bot]
jupyter-forward,1,7,2021-09-07T03:24:04Z,andersy005
jupyter-forward,1,1,2021-08-31T17:17:11Z,dependabot[bot]
jupyter-forward,1,1,2021-08-31T17:17:00Z,pre-commit-ci[bot]
jupyter-forward,25,0,2021-08-17T22:48:56Z,andersy005
jupyter-forward,7,7,2021-08-09T17:44:38Z,pre-commit-ci[bot]
jupyter-forward,3,3,2021-08-02T14:31:42Z,dependabot[bot]
jupyter-forward,8,8,2021-07-26T15:15:49Z,andersy005
jupyter-forward,1,1,2021-07-26T15:06:53Z,dependabot[bot]
jupyter-forward,25,4,2021-07-07T23:25:00Z,andersy005
jupyter-forward,17,7,2021-07-07T22:26:04Z,andersy005
jupyter-forward,17,0,2021-05-11T20:30:00Z,andersy005
jupyter-forward,1,5,2021-05-11T19:35:09Z,andersy005
jupyter-forward,20,5,2021-05-11T19:27:09Z,andersy005
jupyter-forward,1,1,2021-04-26T22:52:31Z,dependabot[bot]
jupyter-forward,87,94,2021-04-20T23:27:50Z,andersy005
jupyter-forward,2,2,2021-04-20T22:18:18Z,rsignell-usgs
jupyter-forward,5,4,2021-04-20T21:06:57Z,andersy005
jupyter-forward,20,3,2021-04-13T16:33:59Z,andersy005
jupyter-forward,60,68,2021-04-13T15:55:58Z,andersy005
jupyter-forward,42,3,2021-04-12T15:00:24Z,andersy005
jupyter-forward,27,1,2021-04-12T14:55:14Z,andersy005
jupyter-forward,2,2,2021-04-12T12:24:19Z,dependabot[bot]
jupyter-forward,1,1,2021-04-12T12:24:08Z,dependabot[bot]
jupyter-forward,67,43,2021-03-16T18:35:38Z,andersy005
jupyter-forward,8,1,2021-03-11T16:21:42Z,andersy005
jupyter-forward,16,5,2021-03-03T12:55:34Z,andersy005
jupyter-forward,31,8,2021-03-02T21:01:09Z,mnlevy1981
jupyter-forward,2,2,2021-02-15T06:10:01Z,dependabot[bot]
jupyter-forward,2,2,2021-02-15T06:01:50Z,dependabot[bot]
jupyter-forward,16,0,2021-02-05T20:38:50Z,andersy005
jupyter-forward,76,15,2021-02-05T20:32:22Z,andersy005
jupyter-forward,56,9,2021-01-30T13:49:17Z,andersy005
jupyter-forward,14,5,2021-01-30T12:39:06Z,andersy005
jupyter-forward,70,39,2021-01-30T12:34:21Z,andersy005
jupyter-forward,2,2,2021-01-18T21:09:18Z,dependabot[bot]
jupyter-forward,6,12,2020-12-03T07:04:59Z,andersy005
jupyter-forward,2,5,2020-12-03T06:45:32Z,andersy005
jupyter-forward,12,2,2020-12-03T06:21:23Z,andersy005
jupyter-forward,31,11,2020-12-03T06:10:16Z,andersy005
jupyter-forward,18,4,2020-12-03T05:51:36Z,mnlevy1981
jupyter-forward,15,5,2020-11-19T01:03:22Z,andersy005
jupyter-forward,5,1,2020-11-05T18:40:43Z,andersy005
jupyter-forward,11,6,2020-11-05T00:52:47Z,andersy005
jupyter-forward,32,0,2020-10-27T05:28:35Z,andersy005
jupyter-forward,70,56,2020-10-27T04:56:35Z,andersy005
jupyter-forward,11,11,2020-10-27T04:37:52Z,andersy005
jupyter-forward,20,9,2020-10-27T04:19:31Z,andersy005
jupyter-forward,17,10,2020-10-27T00:09:43Z,andersy005
jupyter-forward,131,76,2020-10-26T21:57:56Z,andersy005
jupyter-forward,1,1,2020-10-26T15:01:52Z,dependabot[bot]
jupyter-forward,27,38,2020-10-22T02:35:10Z,andersy005
jupyter-forward,3,2,2020-10-22T01:14:42Z,andersy005
jupyter-forward,1,0,2020-10-22T01:09:13Z,
jupyter-forward,154,252,2020-10-22T01:08:49Z,andersy005
jupyter-forward,1,0,2020-10-22T00:11:33Z,
jupyter-forward,8,5,2020-10-22T00:11:03Z,andersy005
jupyter-forward,1,0,2020-10-21T23:55:10Z,
jupyter-forward,2,1,2020-10-21T23:54:48Z,andersy005
jupyter-forward,1,0,2020-10-21T23:47:13Z,
jupyter-forward,8,27,2020-10-21T23:46:50Z,andersy005
jupyter-forward,1,0,2020-10-21T23:28:30Z,
jupyter-forward,5,8,2020-10-21T23:28:06Z,andersy005
jupyter-forward,2,1,2020-10-21T23:21:56Z,
jupyter-forward,3,2,2020-10-21T23:21:25Z,andersy005
jupyter-forward,2,1,2020-10-21T23:12:15Z,
jupyter-forward,24,4,2020-10-21T23:11:53Z,andersy005
jupyter-forward,8,1,2020-10-21T22:59:20Z,andersy005
jupyter-forward,5,17,2020-10-21T22:43:24Z,andersy005
jupyter-forward,99,33,2020-10-19T20:59:38Z,andersy005
jupyter-forward,202,203,2020-10-16T17:47:21Z,andersy005
jupyter-forward,23,0,2020-10-16T04:09:34Z,andersy005
jupyter-forward,53,49,2020-10-16T03:56:21Z,andersy005
jupyter-forward,34,11,2020-09-10T10:37:30Z,andersy005
jupyter-forward,5,111,2020-09-10T10:33:49Z,andersy005
jupyter-forward,82,149,2020-09-10T10:26:25Z,andersy005
jupyter-forward,54,32,2020-08-20T19:04:31Z,andersy005
jupyter-forward,1,1,2020-08-06T03:43:43Z,andersy005
jupyter-forward,41,28,2020-08-06T02:47:38Z,mnlevy1981
jupyter-forward,8,6,2020-08-04T23:26:46Z,andersy005
jupyter-forward,4,0,2020-08-04T17:43:11Z,jukent
jupyter-forward,79,1,2020-07-21T12:11:45Z,andersy005
jupyter-forward,3,3,2020-07-21T10:27:09Z,andersy005
jupyter-forward,44,19,2020-07-21T10:21:20Z,andersy005
jupyter-forward,77,1,2020-07-20T21:26:39Z,andersy005
jupyter-forward,30,2,2020-07-20T18:32:13Z,mnlevy1981
jupyter-forward,1,2,2020-07-15T22:30:35Z,andersy005
jupyter-forward,1,1,2020-07-15T21:52:33Z,andersy005
jupyter-forward,2,2,2020-07-15T16:28:54Z,andersy005
jupyter-forward,35,4,2020-07-15T06:00:30Z,andersy005
jupyter-forward,2,3,2020-07-15T05:28:57Z,andersy005
jupyter-forward,25,7,2020-07-15T04:50:46Z,andersy005
jupyter-forward,69,16,2020-07-15T04:21:55Z,andersy005
jupyter-forward,26,1,2020-07-15T02:36:31Z,andersy005
jupyter-forward,41,38,2020-07-15T02:17:01Z,andersy005
jupyter-forward,54,13,2020-07-15T02:05:27Z,andersy005
jupyter-forward,93,167,2020-07-15T01:55:57Z,andersy005
jupyter-forward,1574,0,2020-07-14T21:41:38Z,andersy005
ncar-jobqueue,1,1,2022-01-31T19:53:44Z,pre-commit-ci[bot]
ncar-jobqueue,1,1,2022-01-17T20:44:50Z,pre-commit-ci[bot]
ncar-jobqueue,2,2,2022-01-10T16:15:21Z,kmpaul
ncar-jobqueue,2,2,2022-01-10T14:03:57Z,dependabot[bot]
ncar-jobqueue,1,1,2021-12-28T02:05:36Z,pre-commit-ci[bot]
ncar-jobqueue,2,2,2021-12-06T19:25:54Z,pre-commit-ci[bot]
ncar-jobqueue,2,2,2021-11-29T18:43:10Z,pre-commit-ci[bot]
ncar-jobqueue,2,2,2021-11-22T19:10:48Z,pre-commit-ci[bot]
ncar-jobqueue,1,1,2021-11-15T19:31:44Z,pre-commit-ci[bot]
ncar-jobqueue,1,1,2021-11-08T18:53:09Z,pre-commit-ci[bot]
ncar-jobqueue,1,1,2021-11-01T23:51:29Z,pre-commit-ci[bot]
ncar-jobqueue,1,1,2021-10-11T18:22:45Z,pre-commit-ci[bot]
ncar-jobqueue,2,2,2021-09-20T19:48:55Z,pre-commit-ci[bot]
ncar-jobqueue,2,2,2021-09-13T18:25:48Z,pre-commit-ci[bot]
ncar-jobqueue,1,1,2021-09-13T15:57:50Z,dependabot[bot]
ncar-jobqueue,1,1,2021-08-31T17:18:24Z,dependabot[bot]
ncar-jobqueue,1,1,2021-08-31T17:18:15Z,pre-commit-ci[bot]
ncar-jobqueue,5,5,2021-08-09T17:44:34Z,pre-commit-ci[bot]
ncar-jobqueue,2,2,2021-08-02T14:31:06Z,dependabot[bot]
ncar-jobqueue,9,9,2021-07-26T15:18:05Z,andersy005
ncar-jobqueue,1,1,2021-07-26T15:06:28Z,dependabot[bot]
ncar-jobqueue,1,1,2021-04-26T22:51:41Z,dependabot[bot]
ncar-jobqueue,2,2,2021-04-16T16:35:15Z,andersy005
ncar-jobqueue,57,12,2021-04-14T19:32:03Z,andersy005
ncar-jobqueue,97,19,2021-04-14T19:03:24Z,andersy005
ncar-jobqueue,111,184,2021-04-14T18:25:17Z,andersy005
ncar-jobqueue,45,36,2021-04-14T14:01:48Z,andersy005
ncar-jobqueue,34,4,2021-04-13T20:14:33Z,andersy005
ncar-jobqueue,2,2,2021-04-12T12:22:35Z,dependabot[bot]
ncar-jobqueue,1,1,2021-04-12T12:22:27Z,dependabot[bot]
ncar-jobqueue,2,2,2021-02-15T06:14:15Z,dependabot[bot]
ncar-jobqueue,2,2,2021-02-10T18:59:13Z,dependabot[bot]
ncar-jobqueue,121,51,2021-02-10T18:31:39Z,andersy005
ncar-jobqueue,2,2,2021-01-18T21:07:55Z,dependabot[bot]
ncar-jobqueue,1,1,2020-12-04T20:42:31Z,andersy005
ncar-jobqueue,1,2,2020-11-18T20:21:42Z,andersy005
ncar-jobqueue,1,1,2020-11-18T20:07:39Z,andersy005
ncar-jobqueue,35,27,2020-11-17T22:01:32Z,andersy005
ncar-jobqueue,57,25,2020-11-17T20:24:05Z,andersy005
ncar-jobqueue,399,304,2020-11-17T06:55:30Z,andersy005
ncar-jobqueue,37,20,2020-03-03T01:05:24Z,andersy005
ncar-jobqueue,17,0,2020-03-03T00:16:40Z,andersy005
ncar-jobqueue,20,20,2020-03-03T00:07:27Z,andersy005
ncar-jobqueue,4,2,2020-01-15T04:21:07Z,andersy005
ncar-jobqueue,2,0,2020-01-15T04:20:09Z,andersy005
ncar-jobqueue,2,2,2020-01-15T04:15:37Z,andersy005
ncar-jobqueue,75,46,2020-01-07T20:48:56Z,andersy005
ncar-jobqueue,40,41,2020-01-07T20:45:43Z,andersy005
ncar-jobqueue,37,7,2020-01-07T20:40:44Z,andersy005
ncar-jobqueue,97,8,2020-01-07T19:59:09Z,andersy005
ncar-jobqueue,2,0,2020-01-07T19:58:45Z,andersy005
ncar-jobqueue,95,8,2020-01-07T19:55:57Z,andersy005
ncar-jobqueue,9,7,2020-01-07T19:47:40Z,andersy005
ncar-jobqueue,9,7,2020-01-07T17:02:14Z,andersy005
ncar-jobqueue,10,7,2019-10-16T22:23:41Z,andersy005
ncar-jobqueue,2,1,2019-10-16T22:22:22Z,andersy005
ncar-jobqueue,9,7,2019-10-16T22:18:06Z,andersy005
ncar-jobqueue,8,6,2019-10-16T22:06:45Z,andersy005
ncar-jobqueue,8,6,2019-10-16T22:06:09Z,andersy005
ncar-jobqueue,1,1,2019-10-13T20:01:53Z,matt-long
ncar-jobqueue,1,1,2019-10-13T20:01:36Z,matt-long
ncar-jobqueue,0,3,2019-09-11T19:40:11Z,andersy005
ncar-jobqueue,3,3,2019-09-11T19:39:51Z,andersy005
ncar-jobqueue,0,3,2019-09-11T19:39:14Z,andersy005
ncar-jobqueue,3,3,2019-09-11T19:37:05Z,andersy005
ncar-jobqueue,3,1,2019-08-02T19:13:36Z,andersy005
ncar-jobqueue,52,6,2019-08-02T19:08:14Z,andersy005
ncar-jobqueue,237,34,2019-08-02T18:50:10Z,andersy005
ncar-jobqueue,18,8,2019-08-02T18:44:47Z,andersy005
ncar-jobqueue,1,1,2019-08-02T00:11:59Z,andersy005
ncar-jobqueue,20,10,2019-08-01T23:16:34Z,andersy005
ncar-jobqueue,1,1,2019-08-01T19:47:39Z,andersy005
ncar-jobqueue,8,5,2019-08-01T18:18:49Z,andersy005
ncar-jobqueue,213,33,2019-08-01T15:19:05Z,andersy005
ncar-jobqueue,29,19,2019-07-31T17:13:38Z,andersy005
ncar-jobqueue,3,3,2019-07-30T19:09:37Z,andersy005
ncar-jobqueue,29,19,2019-07-30T18:54:37Z,andersy005
ncar-jobqueue,49,2466,2019-07-30T18:07:47Z,andersy005
ncar-jobqueue,1,0,2019-07-30T18:01:02Z,
ncar-jobqueue,48,2466,2019-07-30T17:59:56Z,
ncar-jobqueue,3,3,2019-03-08T21:04:56Z,andersy005
ncar-jobqueue,3,3,2019-03-08T21:04:26Z,andersy005
ncar-jobqueue,10,1,2019-03-08T20:59:16Z,andersy005
ncar-jobqueue,0,0,2019-03-08T20:58:27Z,andersy005
ncar-jobqueue,1,1,2019-03-08T20:58:01Z,andersy005
ncar-jobqueue,10,1,2019-03-08T20:57:57Z,andersy005
ncar-jobqueue,2578,2,2019-03-08T20:48:29Z,matt-long
ncar-jobqueue,1,1,2019-03-08T20:40:34Z,andersy005
ncar-jobqueue,13,11,2019-03-08T18:43:01Z,andersy005
ncar-jobqueue,39,12,2019-03-08T18:26:00Z,andersy005
ncar-jobqueue,1,2,2019-03-08T17:56:52Z,andersy005
ncar-jobqueue,21,24,2019-03-08T17:55:01Z,andersy005
ncar-jobqueue,23,0,2019-03-08T16:55:48Z,andersy005
ncar-jobqueue,14,0,2019-03-08T16:35:45Z,andersy005
ncar-jobqueue,2496,0,2019-03-08T16:31:24Z,andersy005
ncar-jobqueue,20,2,2019-03-08T16:23:31Z,andersy005
ncar-jobqueue,2,0,2019-03-08T01:10:31Z,andersy005
ncar-jobqueue,305,0,2019-03-08T01:10:20Z,andersy005
xwrf,177,49,2022-02-25T21:50:08Z,andersy005
xwrf,367,10,2022-02-16T21:23:17Z,jthielen
xwrf,71,20,2022-02-16T16:55:32Z,lpilz
xwrf,228,223,2022-02-12T22:49:24Z,andersy005
xwrf,114,1,2022-02-09T23:18:27Z,jukent
xwrf,237,81,2022-02-03T14:28:08Z,andersy005
xwrf,124,0,2022-02-02T16:57:30Z,lpilz
xwrf,1,1,2022-01-31T22:53:48Z,pre-commit-ci[bot]
xwrf,10,1,2022-01-28T01:06:52Z,lpilz
xwrf,1,1,2022-01-27T01:41:49Z,andersy005
xwrf,30,0,2022-01-24T22:39:45Z,lpilz
xwrf,18,23,2022-01-17T21:07:53Z,andersy005
xwrf,1,1,2022-01-17T20:50:30Z,pre-commit-ci[bot]
xwrf,23,10,2021-12-28T22:24:46Z,andersy005
xwrf,1,1,2021-12-28T02:02:37Z,pre-commit-ci[bot]
xwrf,3,3,2021-12-21T17:44:47Z,kmpaul
xwrf,9,0,2021-12-21T17:37:38Z,kmpaul
xwrf,0,0,2021-12-21T17:34:21Z,kmpaul
xwrf,8,2,2021-12-21T17:23:27Z,kmpaul
xwrf,44,0,2021-12-21T17:20:16Z,kmpaul
xwrf,2,2,2021-12-06T19:24:21Z,pre-commit-ci[bot]
xwrf,2,2,2021-11-29T18:43:32Z,pre-commit-ci[bot]
xwrf,3,3,2021-11-28T20:56:59Z,andersy005
xwrf,6,19,2021-11-23T20:10:15Z,andersy005
xwrf,701,0,2021-11-23T18:54:13Z,andersy005
xwrf,2,2,2021-11-22T19:10:00Z,pre-commit-ci[bot]
xwrf,1,1,2021-11-15T19:31:27Z,pre-commit-ci[bot]
xwrf,1,1,2021-11-08T18:54:27Z,pre-commit-ci[bot]
xwrf,1,1,2021-11-01T23:50:03Z,pre-commit-ci[bot]
xwrf,2,2,2021-10-27T17:14:37Z,andersy005
xwrf,81,0,2021-10-27T17:12:39Z,andersy005
xwrf,1,1,2021-10-18T18:44:02Z,andersy005
xwrf,1,1,2021-10-18T18:42:14Z,andersy005
xwrf,7,4,2021-10-18T18:41:29Z,andersy005
xwrf,1,1,2021-10-11T18:24:32Z,pre-commit-ci[bot]
xwrf,9,0,2021-10-07T23:05:24Z,andersy005
xwrf,9,4,2021-10-07T22:27:33Z,andersy005
xwrf,2,1,2021-10-07T22:25:11Z,andersy005
xwrf,1,0,2021-10-07T22:18:42Z,andersy005
xwrf,14,1,2021-10-07T22:16:12Z,andersy005
xwrf,44,0,2021-10-07T22:12:27Z,andersy005
xwrf,20,1,2021-10-07T21:59:54Z,andersy005
xwrf,12,3,2021-10-07T21:44:59Z,andersy005
xwrf,39,146,2021-10-07T19:51:08Z,andersy005
xwrf,1,1,2021-10-07T14:15:38Z,andersy005
xwrf,8,0,2021-10-07T14:13:00Z,andersy005
xwrf,222,1,2021-10-07T14:08:02Z,andersy005
xwrf,86,0,2021-10-06T17:59:25Z,andersy005
xwrf,164,1,2021-10-06T17:53:57Z,andersy005
xwrf,2,0,2021-10-06T17:44:42Z,andersy005
xwrf,332,0,2021-10-06T17:42:45Z,andersy005
xcollection,1,1,2022-02-14T20:23:54Z,dependabot[bot]
xcollection,1,1,2022-01-31T22:54:05Z,pre-commit-ci[bot]
xcollection,129,66,2022-01-31T04:21:33Z,andersy005
xcollection,62,62,2022-01-27T02:31:46Z,andersy005
xcollection,1,1,2022-01-17T20:45:11Z,pre-commit-ci[bot]
xcollection,1,1,2022-01-10T20:15:25Z,dependabot[bot]
xcollection,1,1,2021-12-28T02:03:32Z,pre-commit-ci[bot]
xcollection,28,1,2021-12-23T17:10:05Z,andersy005
xcollection,62,0,2021-12-23T16:53:08Z,andersy005
xcollection,35,0,2021-12-23T16:36:36Z,andersy005
xcollection,23,0,2021-12-23T16:14:52Z,andersy005
xcollection,42,7,2021-12-23T15:46:07Z,andersy005
xcollection,98,7,2021-12-22T18:28:09Z,andersy005
xcollection,5,5,2021-12-22T13:47:13Z,andersy005
xcollection,367,77,2021-12-22T13:41:14Z,andersy005
xcollection,5,39,2021-12-22T13:36:19Z,andersy005
xcollection,2,2,2021-12-06T19:24:32Z,pre-commit-ci[bot]
xcollection,228,22,2021-11-29T19:53:11Z,andersy005
xcollection,2,2,2021-11-29T18:42:58Z,pre-commit-ci[bot]
xcollection,66,1,2021-11-29T16:39:59Z,mgrover1
xcollection,6,9,2021-11-29T16:26:40Z,andersy005
xcollection,77,0,2021-11-24T19:45:08Z,jukent
xcollection,2,2,2021-11-23T23:04:00Z,pre-commit-ci[bot]
xcollection,1,1,2021-11-15T19:31:00Z,pre-commit-ci[bot]
xcollection,1,1,2021-11-08T18:57:26Z,pre-commit-ci[bot]
xcollection,1,1,2021-11-01T23:51:09Z,pre-commit-ci[bot]
xcollection,86,1,2021-10-27T14:58:25Z,jukent
xcollection,27,0,2021-10-20T19:24:59Z,andersy005
xcollection,10,9,2021-10-16T01:51:58Z,andersy005
xcollection,1,1,2021-10-11T18:24:11Z,pre-commit-ci[bot]
xcollection,2,2,2021-09-22T21:23:50Z,pre-commit-ci[bot]
xcollection,1,1,2021-09-13T20:28:33Z,dependabot[bot]
xcollection,2,2,2021-09-13T18:24:00Z,pre-commit-ci[bot]
xcollection,1,1,2021-08-31T17:20:49Z,dependabot[bot]
xcollection,1,1,2021-08-31T17:20:39Z,pre-commit-ci[bot]
xcollection,68,0,2021-08-17T22:07:22Z,andersy005
xcollection,71,1,2021-08-16T21:11:29Z,andersy005
xcollection,157,2,2021-08-12T21:02:25Z,andersy005
xcollection,20,0,2021-08-12T17:21:11Z,andersy005
xcollection,0,0,2021-08-12T16:58:25Z,andersy005
xcollection,663,0,2021-08-12T16:56:54Z,andersy005
xcollection,1,1,2021-08-12T16:48:33Z,andersy005
xcollection,32,0,2021-08-11T23:33:54Z,andersy005
xcollection,300,0,2021-08-11T23:32:19Z,andersy005
xcollection,332,0,2021-08-11T23:13:44Z,andersy005
xpersist,1,1,2022-02-14T12:39:13Z,dependabot[bot]
xpersist,1,1,2022-01-31T22:53:34Z,pre-commit-ci[bot]
xpersist,104,39,2022-01-31T03:36:57Z,andersy005
xpersist,64,64,2022-01-27T02:22:49Z,andersy005
xpersist,1,1,2022-01-10T18:45:11Z,dependabot[bot]
xpersist,35,12,2021-12-28T18:40:11Z,andersy005
xpersist,39,9,2021-12-28T17:03:52Z,andersy005
xpersist,1,1,2021-12-28T02:03:13Z,pre-commit-ci[bot]
xpersist,15,6,2021-12-22T17:31:43Z,andersy005
xpersist,35,3,2021-12-22T16:42:45Z,andersy005
xpersist,2,2,2021-12-17T15:23:51Z,andersy005
xpersist,19,1,2021-12-17T15:13:04Z,andersy005
xpersist,65,0,2021-12-16T21:41:34Z,andersy005
xpersist,78,27,2021-12-16T21:28:55Z,andersy005
xpersist,42,15,2021-12-16T20:59:26Z,andersy005
xpersist,36,1,2021-12-16T19:16:53Z,andersy005
xpersist,41,13,2021-12-16T18:41:31Z,norlandrhagen
xpersist,64,32,2021-12-16T17:10:58Z,andersy005
xpersist,65,23,2021-12-16T14:44:18Z,andersy005
xpersist,18,5,2021-12-16T01:40:44Z,andersy005
xpersist,109,13,2021-12-15T22:28:53Z,andersy005
xpersist,333,119,2021-12-15T19:18:14Z,andersy005
xpersist,731,0,2021-12-14T20:06:18Z,andersy005
xpersist,731,301,2021-12-14T19:49:11Z,andersy005
xpersist,110,139,2021-12-14T19:25:54Z,andersy005
xpersist,2,2,2021-12-06T19:25:43Z,pre-commit-ci[bot]
xpersist,2,2,2021-11-29T18:43:19Z,pre-commit-ci[bot]
xpersist,2,2,2021-11-22T19:10:13Z,pre-commit-ci[bot]
xpersist,1,1,2021-11-15T19:31:54Z,pre-commit-ci[bot]
xpersist,1,1,2021-11-08T18:54:15Z,pre-commit-ci[bot]
xpersist,1,1,2021-11-01T23:50:48Z,pre-commit-ci[bot]
xpersist,1,1,2021-10-11T18:23:44Z,pre-commit-ci[bot]
xpersist,2,2,2021-09-20T19:50:33Z,pre-commit-ci[bot]
xpersist,1,1,2021-09-20T13:58:25Z,dependabot[bot]
xpersist,2,2,2021-09-13T18:23:50Z,pre-commit-ci[bot]
xpersist,11,11,2021-09-07T17:27:48Z,pre-commit-ci[bot]
xpersist,1,1,2021-08-31T17:30:59Z,dependabot[bot]
xpersist,2,2,2021-08-02T15:05:21Z,dependabot[bot]
xpersist,1,1,2021-07-26T15:07:47Z,dependabot[bot]
xpersist,1,1,2021-04-26T22:45:11Z,dependabot[bot]
xpersist,2,2,2021-04-12T12:20:15Z,dependabot[bot]
xpersist,1,1,2021-04-12T12:20:05Z,dependabot[bot]
xpersist,2,2,2021-02-15T21:09:51Z,dependabot[bot]
xpersist,11,20,2021-01-21T05:30:29Z,andersy005
xpersist,2,2,2021-01-18T21:11:41Z,dependabot[bot]
xpersist,201,0,2020-12-17T22:04:51Z,andersy005
xpersist,290,122,2020-12-17T21:58:56Z,andersy005
xpersist,92,54,2019-11-20T15:47:12Z,matt-long
xpersist,3,0,2019-11-19T23:27:42Z,andersy005
xpersist,89,54,2019-11-19T23:25:31Z,andersy005
xpersist,29,11,2019-11-19T21:03:52Z,andersy005
xpersist,1,0,2019-11-19T21:02:02Z,andersy005
xpersist,7,21,2019-11-19T20:59:25Z,andersy005
xpersist,9,6,2019-11-19T20:42:43Z,andersy005
xpersist,17,7,2019-11-19T20:28:14Z,andersy005
xpersist,2,2,2019-11-19T20:21:18Z,andersy005
xpersist,13,4,2019-11-19T20:18:12Z,andersy005
xpersist,4,1,2019-11-19T20:12:16Z,andersy005
xpersist,9,3,2019-11-19T20:05:20Z,andersy005
xpersist,1,1,2019-11-19T19:55:41Z,andersy005
xpersist,113,0,2019-11-19T19:51:59Z,andersy005
xpersist,2,0,2019-11-19T17:25:03Z,andersy005
xpersist,5,2,2019-11-19T17:17:12Z,andersy005
xpersist,108,0,2019-11-19T17:08:29Z,andersy005
xpersist,44,12,2019-11-19T04:59:06Z,matt-long
xpersist,18,7,2019-11-19T04:07:28Z,matt-long
xpersist,23,18,2019-11-18T17:29:10Z,matt-long
xpersist,7,1,2019-11-16T15:17:20Z,matt-long
xpersist,59,0,2019-11-16T15:15:30Z,matt-long
xpersist,3,0,2019-11-16T15:09:08Z,matt-long
xpersist,19,8,2019-11-16T15:08:00Z,matt-long
xpersist,381,0,2019-11-16T15:00:05Z,matt-long
